/*
Navicat MySQL Data Transfer

Source Server         : 127.0.0.1
Source Server Version : 50617
Source Host           : localhost:3306
Source Database       : blog

Target Server Type    : MYSQL
Target Server Version : 50617
File Encoding         : 65001

Date: 2018-05-30 14:56:48
*/

SET FOREIGN_KEY_CHECKS=0;

-- ----------------------------
-- Table structure for article
-- ----------------------------
DROP TABLE IF EXISTS `article`;
CREATE TABLE `article` (
  `id` int(50) unsigned NOT NULL AUTO_INCREMENT,
  `content` text CHARACTER SET utf8mb4,
  `banner_id` int(50) DEFAULT NULL,
  `time` int(50) DEFAULT NULL,
  `title` varchar(255) DEFAULT NULL,
  `views` int(11) NOT NULL DEFAULT '0',
  `comment_times` int(11) DEFAULT '0',
  `user_id` int(11) DEFAULT '10',
  `good_times` int(11) DEFAULT '0',
  `has_goods_userid` varchar(255) DEFAULT NULL,
  PRIMARY KEY (`id`)
) ENGINE=InnoDB AUTO_INCREMENT=47 DEFAULT CHARSET=utf8;

-- ----------------------------
-- Records of article
-- ----------------------------
INSERT INTO `article` VALUES ('4', '&lt;p&gt;&lt;span style=&quot;font-size: 14px;&quot;&gt;&lt;/span&gt;&lt;/p&gt;&lt;h2 style=&quot;margin: 15px 0px 0.2em; padding: 0px 0px 0.2em; list-style-type: none; font-weight: 500; border-top: none; border-right: none; border-bottom: 1px solid rgb(211, 211, 211); border-left: none; border-image: initial; font-size: 2.88em; line-height: 1.35em; letter-spacing: -0.03em; font-family: Georgia, serif; white-space: normal; word-spacing: 2.4px; background-color: rgb(245, 245, 213);&quot;&gt;怎样成长为一个优秀的 Web 前端开发工程师？&lt;/h2&gt;&lt;p&gt;&lt;span style=&quot;font-size: 14px;&quot;&gt;&lt;/span&gt;&lt;br/&gt;&lt;/p&gt;&lt;p&gt;&lt;span style=&quot;font-size: 14px;&quot;&gt;1. 多写。很多问题都是积累得来的。写了，遇到了，才能去真正理解解决方案，才会随着自己的不断成长而有进步。别人问我为什么知道那么多 CSS 兼容解决方案，为什么一看就出的时候，我只能告诉他，我写了 20 几个 Wordpress 主题。-，-&lt;/span&gt;&lt;/p&gt;&lt;p&gt;&lt;span style=&quot;font-size: 14px;&quot;&gt;2. 看书。看 BLOG 或者一些网上的教程，都很难让你全面理解一个东西的。坚持看书，至少前端相关的语言都看一本。CSS 的推荐 《精通CSS》，JS 推荐 《Javascript 高级程序设计》现在都是第 2 版了。&lt;/span&gt;&lt;/p&gt;&lt;p&gt;&lt;span style=&quot;font-size: 14px;&quot;&gt;3. 读 BLOG。最后你会发现，很多东西大家都会。但只有某些人才解决得了某些细节性的东西，这些人就是我们所谓的高手。很大牛在 BLOG 不会写一些简单的 List, 而是针对某个问题深入研究。这时看 BLOG 对于进阶非常有帮助。&lt;/span&gt;&lt;/p&gt;&lt;p&gt;&lt;span style=&quot;font-size: 14px;&quot;&gt;4. 去学一门后端语言。怎么说呢，实际用到会很少。但会很有利于一些问题的理解。比如 Ajax。还有 HTML5 中像 Web sockets、post message 之类的 API。&lt;/span&gt;&lt;/p&gt;&lt;p&gt;&lt;span style=&quot;font-size: 14px;&quot;&gt;5. 去用很多产品，至少去爱一个产品。你不止是一个前端，你还应该是一个设计者，去用很多产品，你才会发现技术为什么有用，去爱一个产品，你才会把技术用得更好。&lt;/span&gt;&lt;/p&gt;&lt;p&gt;&lt;span style=&quot;font-size: 14px;&quot;&gt;好吧，这是我的个人看法。一个法学院毕业自学前端的别人面前的专业前端攻城师的做法。&lt;/span&gt;&lt;/p&gt;&lt;p&gt;&lt;br/&gt;&lt;/p&gt;', '1', '1527584409', '怎样成长为一个优秀的 Web 前端开发工程师？', '17', '3', '10', '3', ',23,32,22');
INSERT INTO `article` VALUES ('5', '&lt;p style=&quot;white-space: normal;&quot;&gt;&lt;span style=&quot;font-size: 24px;&quot;&gt;JavaScript是一种脚本语言&lt;img src=&quot;http://img.baidu.com/hi/ldw/w_0001.gif&quot;/&gt;&lt;/span&gt;&lt;/p&gt;&lt;p style=&quot;white-space: normal; line-height: 1.75em;&quot;&gt;&amp;nbsp; &amp;nbsp; &amp;nbsp; &amp;nbsp;&lt;span style=&quot;font-family: 楷体, 楷体_GB2312, SimKai; font-size: 18px;&quot;&gt;其源代码在发往客户端运行之前不需经过&lt;/span&gt;&lt;a target=&quot;_blank&quot; href=&quot;https://baike.baidu.com/item/%E7%BC%96%E8%AF%91&quot; style=&quot;color: rgb(19, 110, 194); font-family: 楷体, 楷体_GB2312, SimKai; font-size: 18px;&quot;&gt;编译&lt;/a&gt;&lt;span style=&quot;font-family: 楷体, 楷体_GB2312, SimKai; font-size: 18px;&quot;&gt;，而是将文本格式的字符代码发送给浏览器由浏览器解释运行。直译语言的弱点是安全性较差，而且在JavaScript中，如果一条运行不了，那么下面的语言也无法运行。而其解决办法就是于使用try{}catch(){}︰&lt;/span&gt;&lt;/p&gt;&lt;pre class=&quot;brush:js;toolbar:false&quot;&gt;&amp;nbsp;&amp;nbsp;console.log(&amp;quot;a&amp;quot;);//这是正确的\r\n　console.log(&amp;quot;b&amp;quot;);//这是正确的\r\n　console.logg(&amp;quot;c&amp;quot;);//这是错误的，并且到这里会停下来\r\n　console.log(&amp;quot;d&amp;quot;);//这是正确的\r\n　console.log(&amp;quot;e&amp;quot;);//这是正确的\r\n　\r\n　/*解决办法*/\r\n　try{console.log(&amp;quot;a&amp;quot;);}catch(e){}//这是正确的\r\n　try{console.log(&amp;quot;b&amp;quot;);}catch(e){}//这是正确的\r\n　try{console.logg(&amp;quot;c&amp;quot;);}catch&amp;lt;code&amp;nbsp;class=&amp;quot;js&amp;nbsp;plain&amp;quot;&amp;nbsp;style=&amp;quot;font-family:&amp;nbsp;Consolas,&amp;nbsp;&amp;quot;Bitstream&amp;nbsp;Vera&amp;nbsp;Sans&amp;nbsp;Mono&amp;quot;,&amp;nbsp;&amp;quot;Courier&amp;nbsp;New&amp;quot;,&amp;nbsp;Courier,&amp;nbsp;monospace&amp;nbsp;!important;&amp;nbsp;font-size:&amp;nbsp;1em&amp;nbsp;!important;&amp;nbsp;border-radius:&amp;nbsp;0px&amp;nbsp;!important;&amp;nbsp;background:&amp;nbsp;none&amp;nbsp;!important;&amp;nbsp;border:&amp;nbsp;0px&amp;nbsp;!important;&amp;nbsp;bottom:&amp;nbsp;auto&amp;nbsp;!important;&amp;nbsp;float:&amp;nbsp;none&amp;nbsp;!importan&lt;/pre&gt;&lt;p&gt;&lt;br/&gt;&lt;/p&gt;', '1', '1527584082', 'JavaScript', '5', '3', '86', '1', ',86');
INSERT INTO `article` VALUES ('6', '&lt;h2 id=&quot;性能优化&quot; style=&quot;margin: 10px 0px; padding: 0px; font-size: 21px; line-height: 1.5; font-family: Verdana, Arial, Helvetica, sans-serif; white-space: normal; background-color: rgb(255, 255, 255);&quot;&gt;性能优化&lt;/h2&gt;&lt;ol style=&quot;padding: 0px 0px 0px 40px; font-family: Verdana, Arial, Helvetica, sans-serif; font-size: 14px; white-space: normal; background-color: rgb(255, 255, 255);&quot; class=&quot; list-paddingleft-2&quot;&gt;&lt;li&gt;&lt;p&gt;移动网络的环境比较复杂，在调试的时候可以用 Chrome 模拟不同的网络环境，关注页面加载的数据量，和加载时间。&lt;/p&gt;&lt;/li&gt;&lt;/ol&gt;&lt;p style=&quot;margin: 10px auto; padding: 0px; font-family: Verdana, Arial, Helvetica, sans-serif; font-size: 14px; white-space: normal; background-color: rgb(255, 255, 255); text-align: center;&quot;&gt;&amp;nbsp; &amp;nbsp; &amp;nbsp; &amp;nbsp;&amp;nbsp;&lt;a class=&quot;fancybox&quot; href=&quot;http://oxygen.qiniudn.com/img2015051433.png&quot; rel=&quot;group&quot; style=&quot;margin: 0px; padding: 0px; color: rgb(51, 153, 0);&quot;&gt;&lt;img src=&quot;/Uploads/image/20180529/1527583405972948.png&quot; alt=&quot;http://oxygen.qiniudn.com/img2015051433.png&quot; style=&quot;margin: 0px; padding: 0px; border: 0px; max-width: 900px; width: 574px; height: 334px;&quot; width=&quot;574&quot; height=&quot;334&quot;/&gt;&lt;/a&gt;&lt;/p&gt;&lt;ol style=&quot;padding: 0px 0px 0px 40px; font-family: Verdana, Arial, Helvetica, sans-serif; font-size: 14px; white-space: normal; background-color: rgb(255, 255, 255);&quot; class=&quot; list-paddingleft-2&quot;&gt;&lt;li&gt;&lt;p&gt;使用 CDN，常用的库一般会有 CDN 地址，也可以将自己的一些静态文件放在七牛上，七牛有免费的额度。&lt;/p&gt;&lt;/li&gt;&lt;li&gt;&lt;p&gt;小图片转成 base64，减少 HTTP 请求&lt;/p&gt;&lt;/li&gt;&lt;li&gt;&lt;p&gt;css，js 文件压缩，启用GZip（HTTP服务器已开启 gzip）&lt;/p&gt;&lt;/li&gt;&lt;li&gt;&lt;p&gt;服务器开启静态文件缓存，发布新版本时，需要对文件名加md5戳，使用 fis 工具（html 文件强制不缓存）。&lt;/p&gt;&lt;/li&gt;&lt;li&gt;&lt;p&gt;大量的图片显示，可以使用 Canvas 画图，而不用 img 标签，Canvas 有硬件加速&lt;/p&gt;&lt;/li&gt;&lt;li&gt;&lt;p&gt;无阻塞，写在HTML头部的JavaScript（无异步），和写在HTML标签中的Style会阻塞页面的渲染，因此CSS放在页面头部并使用Link方式引入，避免在HTML标签中写Style，JavaScript放在页面尾。&lt;/p&gt;&lt;/li&gt;&lt;li&gt;&lt;p&gt;网页的渲染不支持硬件加速，dom很多很大的时候会很卡，Facebook 曾经就是因为这个原因放弃了html5，但现在又推出了一个 react js&lt;/p&gt;&lt;/li&gt;&lt;li&gt;&lt;p&gt;javascript 单线程，不要执行太复杂的任务，否则会导致页面卡住。&lt;/p&gt;&lt;/li&gt;&lt;li&gt;&lt;p style=&quot;margin: 10px auto; padding: 0px;&quot;&gt;动画优化，尽量使用CSS3动画&lt;/p&gt;&lt;/li&gt;&lt;li&gt;&lt;p style=&quot;margin: 10px auto; padding: 0px;&quot;&gt;HTML5 的 Manifest 和 localstorage，在本地缓存文件和数据。&lt;/p&gt;&lt;/li&gt;&lt;/ol&gt;&lt;p&gt;&lt;br/&gt;&lt;/p&gt;', '3', '1527583614', '移动端性能优化', '34', '4', '10', '0', '');
INSERT INTO `article` VALUES ('8', '&lt;h3 style=&quot;white-space: normal; box-sizing: border-box; outline: 0px; padding: 0px; margin: 30px 0px 15px; font-size: 30px; color: rgb(52, 73, 94); line-height: 1.1; word-break: break-all; background-color: rgb(255, 255, 255); font-family: &amp;quot;Helvetica Neue&amp;quot;, Helvetica, Arial, &amp;quot;Microsoft Yahei&amp;quot;, &amp;quot;Hiragino Sans GB&amp;quot;, &amp;quot;Heiti SC&amp;quot;, &amp;quot;WenQuanYi Micro Hei&amp;quot;, sans-serif;&quot;&gt;MVC&lt;img src=&quot;http://img.baidu.com/hi/jx2/j_0002.gif&quot;/&gt;&lt;/h3&gt;&lt;hr style=&quot;white-space: normal; box-sizing: border-box; outline: 0px; margin: 20px 0px; border-top: solid rgb(238, 238, 238); border-right: 0px none; border-left: 0px none; border-image: initial; border-bottom: 0px none; word-break: break-all; background-color: rgb(255, 255, 255); color: rgb(52, 73, 94); font-family: &amp;quot;Helvetica Neue&amp;quot;, Helvetica, Arial, &amp;quot;Microsoft Yahei&amp;quot;, &amp;quot;Hiragino Sans GB&amp;quot;, &amp;quot;Heiti SC&amp;quot;, &amp;quot;WenQuanYi Micro Hei&amp;quot;, sans-serif; font-size: 15px;&quot;/&gt;&lt;p style=&quot;margin-top: 0px; margin-bottom: 15px; white-space: normal; box-sizing: border-box; outline: 0px; padding: 0px; font-size: 15px; color: rgb(52, 73, 94); line-height: 1.72222; text-align: justify; word-break: break-all; background-color: rgb(255, 255, 255); font-family: &amp;quot;Helvetica Neue&amp;quot;, Helvetica, Arial, &amp;quot;Microsoft Yahei&amp;quot;, &amp;quot;Hiragino Sans GB&amp;quot;, &amp;quot;Heiti SC&amp;quot;, &amp;quot;WenQuanYi Micro Hei&amp;quot;, sans-serif;&quot;&gt;其实mtv是mvc的一种变种，但是由于mvc在ruby，java等语言上的web框架上大放异彩，很多后端框架都是基于他。&lt;/p&gt;&lt;p style=&quot;margin-top: 0px; margin-bottom: 15px; white-space: normal; box-sizing: border-box; outline: 0px; padding: 0px; font-size: 15px; color: rgb(52, 73, 94); line-height: 1.72222; text-align: justify; word-break: break-all; background-color: rgb(255, 255, 255); font-family: &amp;quot;Helvetica Neue&amp;quot;, Helvetica, Arial, &amp;quot;Microsoft Yahei&amp;quot;, &amp;quot;Hiragino Sans GB&amp;quot;, &amp;quot;Heiti SC&amp;quot;, &amp;quot;WenQuanYi Micro Hei&amp;quot;, sans-serif;&quot;&gt;&lt;img src=&quot;http://zhm/Uploads/image/20180529/1527582007725558.png&quot; alt=&quot;pic&quot; class=&quot;img-responsive&quot; style=&quot;box-sizing: border-box; outline: 0px; margin: 0px; word-break: break-all; cursor: zoom-in; border: 0px; vertical-align: middle; display: block;&quot;/&gt;&lt;/p&gt;&lt;pre class=&quot;brush:js;toolbar:false&quot;&gt;摘自阮一峰老师对mvc的看法：\r\n1.最上面的一层，是直接面向最终用户的&amp;quot;视图层&amp;quot;（View）。它是提供给用户的操作界面，是程序的外壳。\r\n2.最底下的一层，是核心的&amp;quot;数据层&amp;quot;（Model），也就是程序需要操作的数据或信息。\r\n3.中间的一层，就是&amp;quot;控制层&amp;quot;（Controller），它负责根据用户从&amp;quot;视图层&amp;quot;输入的指令，选取&amp;quot;数据层&amp;quot;中的数据，然后对其进行相应的操作，产生最终结果。&lt;/pre&gt;&lt;p&gt;&lt;br/&gt;&lt;/p&gt;', '4', '1527585150', 'MVC开发模式', '19', '7', '86', '0', '');
INSERT INTO `article` VALUES ('31', '&lt;p&gt;&lt;img data-original-src=&quot;//upload-images.jianshu.io/upload_images/3381175-c776b29781df4718.png&quot; data-original-width=&quot;635&quot; data-original-height=&quot;350&quot; data-original-format=&quot;image/png&quot; data-original-filesize=&quot;26414&quot; style=&quot;cursor: zoom-in;&quot; class=&quot;&quot; src=&quot;//upload-images.jianshu.io/upload_images/3381175-c776b29781df4718.png?imageMogr2/auto-orient/strip%7CimageView2/2/w/635&quot;/&gt;&lt;/p&gt;&lt;p&gt;在前后端分离架构中，前端工程师只需要编写HTML、js、CSS等前端资源，然后通过HTTP请求调用后端提供的服务即可。除了开发期的分离，在运行期前后端资源也会进行分离部署。&lt;/p&gt;&lt;p&gt;前后端分离之后，开发流程将如下图所示。&lt;/p&gt;&lt;p&gt;&lt;img data-original-src=&quot;//upload-images.jianshu.io/upload_images/3381175-4e58c3a02ef54c41.png&quot; data-original-width=&quot;638&quot; data-original-height=&quot;360&quot; data-original-format=&quot;image/png&quot; data-original-filesize=&quot;23029&quot; style=&quot;cursor: zoom-in;&quot; class=&quot;&quot; src=&quot;//upload-images.jianshu.io/upload_images/3381175-4e58c3a02ef54c41.png?imageMogr2/auto-orient/strip%7CimageView2/2/w/638&quot;/&gt;&lt;/p&gt;&lt;p&gt;通过上面的两幅流程图，不难发现，在开发模式上，前后段分离不仅仅只是工程师的分工开发，更重要的意义在于实现了前后端的并行开发，和简化了开发流程。&lt;/p&gt;', '2', '1527585001', '前后端分离工作模式', '22', '3', '10', '0', '');
INSERT INTO `article` VALUES ('33', '&lt;p&gt;&lt;img data-original-src=&quot;//upload-images.jianshu.io/upload_images/3381175-0d892582934d4a76.jpg&quot; data-original-width=&quot;1920&quot; data-original-height=&quot;1080&quot; data-original-format=&quot;image/jpeg&quot; data-original-filesize=&quot;272632&quot; style=&quot;cursor: zoom-in; width: 530px; height: 286px;&quot; class=&quot;&quot; src=&quot;//upload-images.jianshu.io/upload_images/3381175-0d892582934d4a76.jpg?imageMogr2/auto-orient/strip%7CimageView2/2/w/700&quot; width=&quot;530&quot; height=&quot;286&quot;/&gt;&lt;/p&gt;&lt;h1 style=&quot;line-height: 1.5em;&quot;&gt;被误解的前后端分离&lt;img src=&quot;http://img.baidu.com/hi/jx2/j_0008.gif&quot;/&gt;&lt;/h1&gt;&lt;p&gt;&amp;nbsp; &amp;nbsp; &amp;nbsp; &amp;nbsp;&amp;nbsp;&lt;span style=&quot;font-family: 楷体, 楷体_GB2312, SimKai; font-size: 20px;&quot;&gt;在Web应用开发过程中，业界对前后端的分界线似乎一直都没有确定的概念，不过大多数人以浏览器作为前后端的分界线。将浏览器中为用户进行页面展示的部分称为前端，而将运行于服务器，为前端提供业务逻辑和数据准备的所有代码统称为后端。&lt;/span&gt;&lt;/p&gt;&lt;p&gt;&lt;span style=&quot;font-family: 楷体, 楷体_GB2312, SimKai; font-size: 20px;&quot;&gt;&amp;nbsp; &amp;nbsp; 虽然前后端分离在数年前就已经开始受到关注，但很多人对它却是只闻其声，未见其形，所以对它产生了一些误解，误以为前后段分离只是一种Web应用的开发模式，只要在Web应用的开发期进行了前后端开发工作的分工就是前后端分离。&lt;/span&gt;&lt;/p&gt;&lt;p&gt;&lt;span style=&quot;font-family: 楷体, 楷体_GB2312, SimKai; font-size: 20px;&quot;&gt;&amp;nbsp; &amp;nbsp; 其实并非如此，&lt;strong&gt;准确的说，前后端分离并不只是开发模式，而是Web应用的一种架构模式&lt;/strong&gt;。在开发期，前后端工程师可以通过约定好交互接口，实现并行开发；在运行期，前后端分离模式需要对Web应用进行分离部署，前后端之间使用HTTP请求进行交互。然而作为应用的架构模式，前后端分离并不是通过这样一句话就能一概而谈的，我们可以从交互形式、代码组织方式、开发模式三个方面对前后端分离进行认识。&lt;/span&gt;&lt;/p&gt;&lt;p&gt;&lt;br/&gt;&lt;/p&gt;&lt;p&gt;&lt;br/&gt;&lt;/p&gt;', '2', '1527584909', '前后端分离，是为了彼此更好', '7', '4', '10', '0', '');
INSERT INTO `article` VALUES ('35', '&lt;h2 style=&quot;white-space: normal; margin: 15px 0px 0.2em; padding: 0px 0px 0.2em; list-style-type: none; font-weight: 500; border-top: none; border-right: none; border-bottom: 1px solid rgb(211, 211, 211); border-left: none; border-image: initial; font-size: 2.88em; line-height: 1.35em; letter-spacing: -0.03em; font-family: Georgia, serif; word-spacing: 2.4px; background-color: rgb(245, 245, 213);&quot;&gt;MVVM&lt;img src=&quot;http://img.baidu.com/hi/tsj/t_0023.gif&quot;/&gt;&lt;/h2&gt;&lt;p style=&quot;margin-top: 1em; margin-bottom: 0px; margin-left: 0.8em; white-space: normal; padding: 0px; list-style-type: none; border: none; color: rgb(17, 17, 17); font-size: 1.6em; line-height: 28.8px; font-family: Georgia, serif; letter-spacing: -0.12px; word-spacing: 2.4px; background-color: rgb(245, 245, 213);&quot;&gt;MVVM 模式将 Presenter 改名为 ViewModel，基本上与 MVP 模式完全一致。&lt;/p&gt;&lt;p style=&quot;margin-top: 1em; margin-bottom: 0px; margin-left: 0.8em; white-space: normal; padding: 0px; list-style-type: none; border: none; color: rgb(17, 17, 17); font-size: 1.6em; line-height: 28.8px; font-family: Georgia, serif; letter-spacing: -0.12px; word-spacing: 2.4px; background-color: rgb(245, 245, 213);&quot;&gt;&lt;img src=&quot;http://zhm/Uploads/image/20180529/1527582885574990.png&quot; alt=&quot;&quot; title=&quot;&quot; style=&quot;margin: 0px; padding: 0px; list-style-type: none; border: 0.3em solid rgb(224, 223, 204); border-radius: 1em;&quot;/&gt;&lt;/p&gt;&lt;p style=&quot;margin-top: 1em; margin-bottom: 0px; margin-left: 0.8em; white-space: normal; padding: 0px; list-style-type: none; border: none; color: rgb(17, 17, 17); font-size: 1.6em; line-height: 28.8px; font-family: Georgia, serif; letter-spacing: -0.12px; word-spacing: 2.4px; background-color: rgb(245, 245, 213);&quot;&gt;唯一的区别是，它采用双向绑定（data-binding）：View的变动，自动反映在 ViewModel，反之亦然。&lt;a href=&quot;https://angularjs.org/&quot; target=&quot;_blank&quot; style=&quot;margin: 0px; padding: 0px; list-style-type: none; border: none; color: rgb(17, 34, 51);&quot;&gt;Angular&lt;/a&gt;&amp;nbsp;和&amp;nbsp;&lt;a href=&quot;http://emberjs.com/&quot; target=&quot;_blank&quot; style=&quot;margin: 0px; padding: 0px; list-style-type: none; border: none; color: rgb(17, 34, 51);&quot;&gt;Ember&lt;/a&gt;&amp;nbsp;都采用这种模式。&lt;/p&gt;&lt;p&gt;&lt;br/&gt;&lt;/p&gt;', '3', '1527583174', 'VUE的MVVM模式', '14', '5', '87', '0', '');
INSERT INTO `article` VALUES ('36', '&lt;h2 style=&quot;box-sizing: border-box; font-family: -apple-system, &amp;quot;SF UI Text&amp;quot;, Arial, &amp;quot;PingFang SC&amp;quot;, &amp;quot;Hiragino Sans GB&amp;quot;, &amp;quot;Microsoft YaHei&amp;quot;, &amp;quot;WenQuanYi Micro Hei&amp;quot;, sans-serif; line-height: 1.7; color: rgb(47, 47, 47); margin: 0px 0px 15px; font-size: 24px; text-rendering: optimizeLegibility; white-space: normal; background-color: rgb(255, 255, 255);&quot;&gt;什么是跨域？&lt;/h2&gt;&lt;p style=&quot;box-sizing: border-box; margin-top: 0px; margin-bottom: 25px; color: rgb(47, 47, 47); font-family: -apple-system, &amp;quot;SF UI Text&amp;quot;, Arial, &amp;quot;PingFang SC&amp;quot;, &amp;quot;Hiragino Sans GB&amp;quot;, &amp;quot;Microsoft YaHei&amp;quot;, &amp;quot;WenQuanYi Micro Hei&amp;quot;, sans-serif; white-space: normal; background-color: rgb(255, 255, 255); word-break: break-word !important;&quot;&gt;我们通常所说的跨域是狭义的，是由浏览器同源策略限制的一类请求场景。所谓同源是指&amp;quot;协议+域名+端口&amp;quot;三者相同，即便两个不同的域名指向同一个ip地址，也非同源，只要没有同时满足这三个条件的请求即为跨域请求，跨域请求控制台一般会出现类似错误:&lt;/p&gt;&lt;pre class=&quot;hljs python&quot; style=&quot;box-sizing: border-box; overflow: auto; font-family: Menlo, Monaco, Consolas, &amp;quot;Courier New&amp;quot;, monospace; font-size: 13px; padding: 15px; margin-top: 0px; margin-bottom: 20px; line-height: 1.42857; word-wrap: normal; color: rgb(171, 178, 191); background-color: rgb(40, 44, 52); border: 1px solid rgb(204, 204, 204); border-radius: 4px; word-break: break-word !important;&quot;&gt;XMLHttpRequest&amp;nbsp;cannot&amp;nbsp;load&amp;nbsp;http://xxxxx.php.\r\nNo&amp;nbsp;&amp;#39;Access-Control-Allow-Origin&amp;#39;&amp;nbsp;header&amp;nbsp;is&amp;nbsp;present&amp;nbsp;on&amp;nbsp;the&amp;nbsp;requested&amp;nbsp;resource.\r\nOrigin&amp;nbsp;&amp;#39;http://xxx&amp;#39;&amp;nbsp;is&amp;nbsp;therefore&amp;nbsp;not&amp;nbsp;allowed&amp;nbsp;access.&lt;/pre&gt;&lt;h2 style=&quot;box-sizing: border-box; font-family: -apple-system, &amp;quot;SF UI Text&amp;quot;, Arial, &amp;quot;PingFang SC&amp;quot;, &amp;quot;Hiragino Sans GB&amp;quot;, &amp;quot;Microsoft YaHei&amp;quot;, &amp;quot;WenQuanYi Micro Hei&amp;quot;, sans-serif; line-height: 1.7; color: rgb(47, 47, 47); margin: 0px 0px 15px; font-size: 24px; text-rendering: optimizeLegibility; white-space: normal; background-color: rgb(255, 255, 255);&quot;&gt;设置本地跨域&lt;/h2&gt;&lt;p style=&quot;box-sizing: border-box; margin-top: 0px; margin-bottom: 25px; color: rgb(47, 47, 47); font-family: -apple-system, &amp;quot;SF UI Text&amp;quot;, Arial, &amp;quot;PingFang SC&amp;quot;, &amp;quot;Hiragino Sans GB&amp;quot;, &amp;quot;Microsoft YaHei&amp;quot;, &amp;quot;WenQuanYi Micro Hei&amp;quot;, sans-serif; white-space: normal; background-color: rgb(255, 255, 255); word-break: break-word !important;&quot;&gt;首先我们在本地设置本地跨域请求，首先需要安装wamp服务器,其默认的localhost端口为80，我们找到wamp的安装路径，如我的是安装在D盘，则在D:\\\\\\\\\\\\\\\\wamp\\\\\\\\\\\\\\\\bin\\\\\\\\\\\\\\\\apache \\\\\\\\\\\\\\\\apache2.4.9\\\\\\\\\\\\\\\\conf\\\\\\\\\\\\\\\\中打开httpd.conf文件，在Listen [::0]:80语句下添加Listen [::0]:8011，点击保存，重启wamp或Apach，这样我们就配置了一个localhost:8011端口。接下来在wamp\\\\\\\\\\\\\\\\www文件夹中新建test1和test2文件夹，在test1下新建index文件，在test2文件夹下新建index2.php文件。&lt;/p&gt;&lt;p style=&quot;box-sizing: border-box; margin-top: 0px; margin-bottom: 25px; color: rgb(47, 47, 47); font-family: -apple-system, &amp;quot;SF UI Text&amp;quot;, Arial, &amp;quot;PingFang SC&amp;quot;, &amp;quot;Hiragino Sans GB&amp;quot;, &amp;quot;Microsoft YaHei&amp;quot;, &amp;quot;WenQuanYi Micro Hei&amp;quot;, sans-serif; white-space: normal; background-color: rgb(255, 255, 255); word-break: break-word !important;&quot;&gt;1）test1/index.html文件js代码如下：&lt;/p&gt;&lt;pre class=&quot;hljs xml&quot; style=&quot;box-sizing: border-box; overflow: auto; font-family: Menlo, Monaco, Consolas, &amp;quot;Courier New&amp;quot;, monospace; font-size: 13px; padding: 15px; margin-top: 0px; margin-bottom: 20px; line-height: 1.42857; word-wrap: normal; color: rgb(171, 178, 191); background-color: rgb(40, 44, 52); border: 1px solid rgb(204, 204, 204); border-radius: 4px; word-break: break-word !important;&quot;&gt;&amp;lt;script&amp;gt;\r\n&amp;nbsp;&amp;nbsp;&amp;nbsp;$(function(){\r\n&amp;nbsp;&amp;nbsp;&amp;nbsp;&amp;nbsp;&amp;nbsp;&amp;nbsp;&amp;nbsp;&amp;nbsp;$.ajax(&amp;nbsp;{&amp;nbsp;&amp;nbsp;&amp;nbsp;&amp;nbsp;&amp;nbsp;&amp;nbsp;&amp;nbsp;&amp;nbsp;&amp;nbsp;&amp;nbsp;&amp;nbsp;&amp;nbsp;url:&amp;nbsp;&amp;quot;http://localhost:8011/test2/index2.php&amp;quot;,&amp;nbsp;&amp;nbsp;&amp;nbsp;&amp;nbsp;&amp;nbsp;&amp;nbsp;&amp;nbsp;&amp;nbsp;&amp;nbsp;&amp;nbsp;&amp;nbsp;&amp;nbsp;type:&amp;nbsp;&amp;#39;get&amp;#39;,&amp;nbsp;&amp;nbsp;&amp;nbsp;&amp;nbsp;&amp;nbsp;&amp;nbsp;&amp;nbsp;&amp;nbsp;&amp;nbsp;&amp;nbsp;&amp;nbsp;dataType:&amp;nbsp;&amp;#39;jsonp&amp;#39;,&amp;nbsp;//&amp;nbsp;请求方式为jsonp\r\n&amp;nbsp;&amp;nbsp;&amp;nbsp;&amp;nbsp;&amp;nbsp;&amp;nbsp;&amp;nbsp;&amp;nbsp;&amp;nbsp;&amp;nbsp;&amp;nbsp;jsonpCallback:&amp;nbsp;&amp;quot;onBack&amp;quot;,&amp;nbsp;//&amp;nbsp;自定义回调函数名\r\n&amp;nbsp;&amp;nbsp;&amp;nbsp;&amp;nbsp;&amp;nbsp;&amp;nbsp;&amp;nbsp;&amp;nbsp;&amp;nbsp;&amp;nbsp;&amp;nbsp;success:&amp;nbsp;function(data){&amp;nbsp;&amp;nbsp;&amp;nbsp;&amp;nbsp;&amp;nbsp;&amp;nbsp;&amp;nbsp;&amp;nbsp;&amp;nbsp;&amp;nbsp;&amp;nbsp;&amp;nbsp;&amp;nbsp;&amp;nbsp;console.info(data)\r\n&amp;nbsp;&amp;nbsp;&amp;nbsp;&amp;nbsp;&amp;nbsp;&amp;nbsp;&amp;nbsp;&amp;nbsp;&amp;nbsp;&amp;nbsp;&amp;nbsp;}\r\n&amp;nbsp;&amp;nbsp;&amp;nbsp;&amp;nbsp;&amp;nbsp;&amp;nbsp;&amp;nbsp;});\r\n&amp;nbsp;});&amp;lt;/script&amp;gt;&lt;/pre&gt;&lt;p style=&quot;box-sizing: border-box; margin-top: 0px; margin-bottom: 25px; color: rgb(47, 47, 47); font-family: -apple-system, &amp;quot;SF UI Text&amp;quot;, Arial, &amp;quot;PingFang SC&amp;quot;, &amp;quot;Hiragino Sans GB&amp;quot;, &amp;quot;Microsoft YaHei&amp;quot;, &amp;quot;WenQuanYi Micro Hei&amp;quot;, sans-serif; white-space: normal; background-color: rgb(255, 255, 255); word-break: break-word !important;&quot;&gt;2）test2/index2.php文件代码如下：&lt;/p&gt;&lt;pre class=&quot;hljs xml&quot; style=&quot;box-sizing: border-box; overflow: auto; font-family: Menlo, Monaco, Consolas, &amp;quot;Courier New&amp;quot;, monospace; font-size: 13px; padding: 15px; margin-top: 0px; margin-bottom: 20px; line-height: 1.42857; word-wrap: normal; color: rgb(171, 178, 191); background-color: rgb(40, 44, 52); border: 1px solid rgb(204, 204, 204); border-radius: 4px; word-break: break-word !important;&quot;&gt;&amp;lt;?php\r\n&amp;nbsp;&amp;nbsp;&amp;nbsp;&amp;nbsp;&amp;nbsp;$callback=$_GET[&amp;#39;callback&amp;#39;];\r\n&amp;nbsp;&amp;nbsp;&amp;nbsp;&amp;nbsp;&amp;nbsp;$data=array(&amp;#39;a&amp;#39;=&amp;gt;1,&amp;#39;b&amp;#39;=&amp;gt;2,&amp;#39;c&amp;#39;=&amp;gt;3);&amp;nbsp;&amp;nbsp;&amp;nbsp;&amp;nbsp;&amp;nbsp;echo&amp;nbsp;$callback.&amp;#39;(&amp;#39;.json_encode($data).&amp;#39;)&amp;#39;;?&amp;gt;&lt;/pre&gt;&lt;p style=&quot;box-sizing: border-box; margin-top: 0px; margin-bottom: 25px; color: rgb(47, 47, 47); font-family: -apple-system, &amp;quot;SF UI Text&amp;quot;, Arial, &amp;quot;PingFang SC&amp;quot;, &amp;quot;Hiragino Sans GB&amp;quot;, &amp;quot;Microsoft YaHei&amp;quot;, &amp;quot;WenQuanYi Micro Hei&amp;quot;, sans-serif; white-space: normal; background-color: rgb(255, 255, 255); word-break: break-word !important;&quot;&gt;这样就可以进行ajax访问了。&lt;/p&gt;&lt;h3 style=&quot;box-sizing: border-box; font-family: -apple-system, &amp;quot;SF UI Text&amp;quot;, Arial, &amp;quot;PingFang SC&amp;quot;, &amp;quot;Hiragino Sans GB&amp;quot;, &amp;quot;Microsoft YaHei&amp;quot;, &amp;quot;WenQuanYi Micro Hei&amp;quot;, sans-serif; line-height: 1.7; color: rgb(47, 47, 47); margin: 0px 0px 15px; font-size: 22px; text-rendering: optimizeLegibility; white-space: normal; background-color: rgb(255, 255, 255);&quot;&gt;方法二：&lt;/h3&gt;&lt;p style=&quot;box-sizing: border-box; margin-top: 0px; margin-bottom: 25px; color: rgb(47, 47, 47); font-family: -apple-system, &amp;quot;SF UI Text&amp;quot;, Arial, &amp;quot;PingFang SC&amp;quot;, &amp;quot;Hiragino Sans GB&amp;quot;, &amp;quot;Microsoft YaHei&amp;quot;, &amp;quot;WenQuanYi Micro Hei&amp;quot;, sans-serif; white-space: normal; background-color: rgb(255, 255, 255); word-break: break-word !important;&quot;&gt;1）test1/index.html文件js代码如下：&lt;/p&gt;&lt;pre class=&quot;hljs xml&quot; style=&quot;box-sizing: border-box; overflow: auto; font-family: Menlo, Monaco, Consolas, &amp;quot;Courier New&amp;quot;, monospace; font-size: 13px; padding: 15px; margin-top: 0px; margin-bottom: 20px; line-height: 1.42857; word-wrap: normal; color: rgb(171, 178, 191); background-color: rgb(40, 44, 52); border: 1px solid rgb(204, 204, 204); border-radius: 4px; word-break: break-word !important;&quot;&gt;&amp;lt;script&amp;gt;\r\n&amp;nbsp;&amp;nbsp;function&amp;nbsp;dosomething(jsondata){&amp;nbsp;&amp;nbsp;&amp;nbsp;&amp;nbsp;&amp;nbsp;&amp;nbsp;&amp;nbsp;&amp;nbsp;console.log(jsondata)\r\n&amp;nbsp;&amp;nbsp;}&amp;lt;/script&amp;gt;&amp;lt;script&amp;nbsp;src=&amp;quot;http://localhost:8011/test2/index2.php?callback=dosomething&amp;quot;&amp;gt;&amp;lt;/script&amp;gt;&lt;/pre&gt;&lt;p style=&quot;box-sizing: border-box; margin-top: 0px; margin-bottom: 25px; color: rgb(47, 47, 47); font-family: -apple-system, &amp;quot;SF UI Text&amp;quot;, Arial, &amp;quot;PingFang SC&amp;quot;, &amp;quot;Hiragino Sans GB&amp;quot;, &amp;quot;Microsoft YaHei&amp;quot;, &amp;quot;WenQuanYi Micro Hei&amp;quot;, sans-serif; white-space: normal; background-color: rgb(255, 255, 255); word-break: break-word !important;&quot;&gt;2）test2/index2.php文件代码同方法一的test2/index2.php&lt;/p&gt;&lt;p style=&quot;box-sizing: border-box; margin-top: 0px; margin-bottom: 25px; color: rgb(47, 47, 47); font-family: -apple-system, &amp;quot;SF UI Text&amp;quot;, Arial, &amp;quot;PingFang SC&amp;quot;, &amp;quot;Hiragino Sans GB&amp;quot;, &amp;quot;Microsoft YaHei&amp;quot;, &amp;quot;WenQuanYi Micro Hei&amp;quot;, sans-serif; white-space: normal; background-color: rgb(255, 255, 255); word-break: break-word !important;&quot;&gt;这样第二种方法也ok&lt;/p&gt;&lt;h3 style=&quot;box-sizing: border-box; font-family: -apple-system, &amp;quot;SF UI Text&amp;quot;, Arial, &amp;quot;PingFang SC&amp;quot;, &amp;quot;Hiragino Sans GB&amp;quot;, &amp;quot;Microsoft YaHei&amp;quot;, &amp;quot;WenQuanYi Micro Hei&amp;quot;, sans-serif; line-height: 1.7; color: rgb(47, 47, 47); margin: 0px 0px 15px; font-size: 22px; text-rendering: optimizeLegibility; white-space: normal; background-color: rgb(255, 255, 255);&quot;&gt;方法三：&lt;/h3&gt;&lt;p style=&quot;box-sizing: border-box; margin-top: 0px; margin-bottom: 25px; color: rgb(47, 47, 47); font-family: -apple-system, &amp;quot;SF UI Text&amp;quot;, Arial, &amp;quot;PingFang SC&amp;quot;, &amp;quot;Hiragino Sans GB&amp;quot;, &amp;quot;Microsoft YaHei&amp;quot;, &amp;quot;WenQuanYi Micro Hei&amp;quot;, sans-serif; white-space: normal; background-color: rgb(255, 255, 255); word-break: break-word !important;&quot;&gt;1）test1/index.html文件js代码如下：&lt;/p&gt;&lt;pre class=&quot;hljs javascript&quot; style=&quot;box-sizing: border-box; overflow: auto; font-family: Menlo, Monaco, Consolas, &amp;quot;Courier New&amp;quot;, monospace; font-size: 13px; padding: 15px; margin-top: 0px; margin-bottom: 20px; line-height: 1.42857; word-wrap: normal; color: rgb(171, 178, 191); background-color: rgb(40, 44, 52); border: 1px solid rgb(204, 204, 204); border-radius: 4px; word-break: break-word !important;&quot;&gt;$.ajax({&amp;nbsp;&amp;nbsp;&amp;nbsp;&amp;nbsp;&amp;nbsp;url:&amp;nbsp;&amp;#39;http://localhost:8011/test2/index2.php?callback=myFunction&amp;#39;,&amp;nbsp;&amp;nbsp;&amp;nbsp;&amp;nbsp;&amp;nbsp;type:&amp;nbsp;&amp;#39;get&amp;#39;,&amp;nbsp;&amp;nbsp;&amp;nbsp;&amp;nbsp;&amp;nbsp;data:&amp;nbsp;{},&amp;nbsp;&amp;nbsp;&amp;nbsp;&amp;nbsp;&amp;nbsp;success:&amp;nbsp;function(json){&amp;nbsp;&amp;nbsp;&amp;nbsp;&amp;nbsp;&amp;nbsp;console.log(json)\r\n&amp;nbsp;&amp;nbsp;&amp;nbsp;&amp;nbsp;&amp;nbsp;},&amp;nbsp;&amp;nbsp;&amp;nbsp;&amp;nbsp;&amp;nbsp;error:&amp;nbsp;function(){\r\n&amp;nbsp;&amp;nbsp;&amp;nbsp;&amp;nbsp;&amp;nbsp;alert(&amp;#39;fail&amp;#39;);\r\n&amp;nbsp;&amp;nbsp;&amp;nbsp;&amp;nbsp;&amp;nbsp;}\r\n&amp;nbsp;});&lt;/pre&gt;&lt;p style=&quot;box-sizing: border-box; margin-top: 0px; margin-bottom: 25px; color: rgb(47, 47, 47); font-family: -apple-system, &amp;quot;SF UI Text&amp;quot;, Arial, &amp;quot;PingFang SC&amp;quot;, &amp;quot;Hiragino Sans GB&amp;quot;, &amp;quot;Microsoft YaHei&amp;quot;, &amp;quot;WenQuanYi Micro Hei&amp;quot;, sans-serif; white-space: normal; background-color: rgb(255, 255, 255); word-break: break-word !important;&quot;&gt;2）test2/index2.php文件代码：&lt;/p&gt;&lt;pre class=&quot;hljs xml&quot; style=&quot;box-sizing: border-box; overflow: auto; font-family: Menlo, Monaco, Consolas, &amp;quot;Courier New&amp;quot;, monospace; font-size: 13px; padding: 15px; margin-top: 0px; margin-bottom: 20px; line-height: 1.42857; word-wrap: normal; color: rgb(171, 178, 191); background-color: rgb(40, 44, 52); border: 1px solid rgb(204, 204, 204); border-radius: 4px; word-break: break-word !important;&quot;&gt;&amp;lt;?php\r\n&amp;nbsp;&amp;nbsp;&amp;nbsp;&amp;nbsp;&amp;nbsp;header(&amp;#39;Access-Control-Allow-Origin:*&amp;#39;);\r\n&amp;nbsp;&amp;nbsp;&amp;nbsp;&amp;nbsp;&amp;nbsp;$callback=$_GET[&amp;#39;callback&amp;#39;];\r\n&amp;nbsp;&amp;nbsp;&amp;nbsp;&amp;nbsp;&amp;nbsp;$data=array(&amp;#39;a&amp;#39;=&amp;gt;1,&amp;#39;b&amp;#39;=&amp;gt;2,&amp;#39;c&amp;#39;=&amp;gt;3);&amp;nbsp;&amp;nbsp;&amp;nbsp;&amp;nbsp;&amp;nbsp;echo&amp;nbsp;$callback.&amp;#39;(&amp;#39;.json_encode($data).&amp;#39;)&amp;#39;;?&amp;gt;&lt;/pre&gt;&lt;p style=&quot;box-sizing: border-box; margin-top: 0px; margin-bottom: 25px; color: rgb(47, 47, 47); font-family: -apple-system, &amp;quot;SF UI Text&amp;quot;, Arial, &amp;quot;PingFang SC&amp;quot;, &amp;quot;Hiragino Sans GB&amp;quot;, &amp;quot;Microsoft YaHei&amp;quot;, &amp;quot;WenQuanYi Micro Hei&amp;quot;, sans-serif; white-space: normal; background-color: rgb(255, 255, 255); word-break: break-word !important;&quot;&gt;这样第三种方法也行啦&lt;/p&gt;&lt;h2 style=&quot;box-sizing: border-box; font-family: -apple-system, &amp;quot;SF UI Text&amp;quot;, Arial, &amp;quot;PingFang SC&amp;quot;, &amp;quot;Hiragino Sans GB&amp;quot;, &amp;quot;Microsoft YaHei&amp;quot;, &amp;quot;WenQuanYi Micro Hei&amp;quot;, sans-serif; line-height: 1.7; color: rgb(47, 47, 47); margin: 0px 0px 15px; font-size: 24px; text-rendering: optimizeLegibility; white-space: normal; background-color: rgb(255, 255, 255);&quot;&gt;请求方式：&lt;/h2&gt;&lt;p style=&quot;box-sizing: border-box; margin-top: 0px; margin-bottom: 25px; color: rgb(47, 47, 47); font-family: -apple-system, &amp;quot;SF UI Text&amp;quot;, Arial, &amp;quot;PingFang SC&amp;quot;, &amp;quot;Hiragino Sans GB&amp;quot;, &amp;quot;Microsoft YaHei&amp;quot;, &amp;quot;WenQuanYi Micro Hei&amp;quot;, sans-serif; white-space: normal; background-color: rgb(255, 255, 255); word-break: break-word !important;&quot;&gt;1）在html的ajax请求中dataType: &amp;#39;jsonp&amp;#39;,这句是关键，没有这句就没法进行ajax请求。这也就是jsonp的跨域请求方式。缺点就是只能通过GET的请求方法，不能用POST。&lt;/p&gt;&lt;p style=&quot;box-sizing: border-box; margin-top: 0px; margin-bottom: 25px; color: rgb(47, 47, 47); font-family: -apple-system, &amp;quot;SF UI Text&amp;quot;, Arial, &amp;quot;PingFang SC&amp;quot;, &amp;quot;Hiragino Sans GB&amp;quot;, &amp;quot;Microsoft YaHei&amp;quot;, &amp;quot;WenQuanYi Micro Hei&amp;quot;, sans-serif; white-space: normal; background-color: rgb(255, 255, 255); word-break: break-word !important;&quot;&gt;2）第二种方法是利用script的src不受同源限制，进行的方法回调进行跨域请求。&lt;/p&gt;&lt;p style=&quot;box-sizing: border-box; margin-top: 0px; margin-bottom: 25px; color: rgb(47, 47, 47); font-family: -apple-system, &amp;quot;SF UI Text&amp;quot;, Arial, &amp;quot;PingFang SC&amp;quot;, &amp;quot;Hiragino Sans GB&amp;quot;, &amp;quot;Microsoft YaHei&amp;quot;, &amp;quot;WenQuanYi Micro Hei&amp;quot;, sans-serif; white-space: normal; background-color: rgb(255, 255, 255); word-break: break-word !important;&quot;&gt;3）第三种方法是跨域资源共享（CORS），通过在请求文件添加header(&amp;#39;Access-Control-Allow-Origin:*&amp;#39;);[//指定允许其他域名访问]实现跨域的，可以多种请求方法。&lt;/p&gt;&lt;p style=&quot;box-sizing: border-box; margin-top: 0px; margin-bottom: 25px; color: rgb(47, 47, 47); font-family: -apple-system, &amp;quot;SF UI Text&amp;quot;, Arial, &amp;quot;PingFang SC&amp;quot;, &amp;quot;Hiragino Sans GB&amp;quot;, &amp;quot;Microsoft YaHei&amp;quot;, &amp;quot;WenQuanYi Micro Hei&amp;quot;, sans-serif; white-space: normal; background-color: rgb(255, 255, 255); word-break: break-word !important;&quot;&gt;4）还有其他的方法，这边就不一 一讲述啦，如有需要大家可以参考其他优秀文章&lt;/p&gt;&lt;h2 style=&quot;box-sizing: border-box; font-family: -apple-system, &amp;quot;SF UI Text&amp;quot;, Arial, &amp;quot;PingFang SC&amp;quot;, &amp;quot;Hiragino Sans GB&amp;quot;, &amp;quot;Microsoft YaHei&amp;quot;, &amp;quot;WenQuanYi Micro Hei&amp;quot;, sans-serif; line-height: 1.7; color: rgb(47, 47, 47); margin: 0px 0px 15px; font-size: 24px; text-rendering: optimizeLegibility; white-space: normal; background-color: rgb(255, 255, 255);&quot;&gt;结语：&lt;/h2&gt;&lt;p style=&quot;box-sizing: border-box; margin-top: 0px; margin-bottom: 25px; color: rgb(47, 47, 47); font-family: -apple-system, &amp;quot;SF UI Text&amp;quot;, Arial, &amp;quot;PingFang SC&amp;quot;, &amp;quot;Hiragino Sans GB&amp;quot;, &amp;quot;Microsoft YaHei&amp;quot;, &amp;quot;WenQuanYi Micro Hei&amp;quot;, sans-serif; white-space: normal; background-color: rgb(255, 255, 255); word-break: break-word !important;&quot;&gt;新人学习ajax跨域的小测试，如有不足之处，欢迎指正哈！&lt;/p&gt;&lt;h4 style=&quot;box-sizing: border-box; font-family: -apple-system, &amp;quot;SF UI Text&amp;quot;, Arial, &amp;quot;PingFang SC&amp;quot;, &amp;quot;Hiragino Sans GB&amp;quot;, &amp;quot;Microsoft YaHei&amp;quot;, &amp;quot;WenQuanYi Micro Hei&amp;quot;, sans-serif; line-height: 1.7; color: rgb(47, 47, 47); margin: 0px 0px 15px; font-size: 20px; text-rendering: optimizeLegibility; white-space: normal; background-color: rgb(255, 255, 255);&quot;&gt;github下载地址：&lt;a href=&quot;https://link.jianshu.com/?t=https://github.com/sharebetter/ajax&quot; target=&quot;_blank&quot; rel=&quot;nofollow&quot; style=&quot;box-sizing: border-box; background-color: transparent; color: rgb(49, 148, 208); text-decoration-line: none; cursor: pointer;&quot;&gt;https://github.com/sharebetter/ajax&lt;/a&gt;&lt;/h4&gt;&lt;p&gt;&lt;br/&gt;&lt;/p&gt;', '1', '1527581857', '跨域及其解决方法', '14', '6', '87', '0', '');
INSERT INTO `article` VALUES ('40', '&lt;h2 style=&quot;white-space: normal; margin: 15px 0px 0.2em; padding: 0px 0px 0.2em; list-style-type: none; font-weight: 500; border-top: none; border-right: none; border-bottom: 1px solid rgb(211, 211, 211); border-left: none; border-image: initial; font-size: 2.88em; line-height: 1.35em; letter-spacing: -0.03em; font-family: Georgia, serif; word-spacing: 2.4px; background-color: rgb(245, 245, 213);&quot;&gt;MVVM&lt;img src=&quot;http://img.baidu.com/hi/tsj/t_0023.gif&quot;/&gt;&lt;/h2&gt;&lt;p style=&quot;margin-top: 1em; margin-bottom: 0px; margin-left: 0.8em; white-space: normal; padding: 0px; list-style-type: none; border: none; color: rgb(17, 17, 17); font-size: 1.6em; line-height: 28.8px; font-family: Georgia, serif; letter-spacing: -0.12px; word-spacing: 2.4px; background-color: rgb(245, 245, 213);&quot;&gt;MVVM 模式将 Presenter 改名为 ViewModel，基本上与 MVP 模式完全一致。&lt;/p&gt;&lt;p style=&quot;margin-top: 1em; margin-bottom: 0px; margin-left: 0.8em; white-space: normal; padding: 0px; list-style-type: none; border: none; color: rgb(17, 17, 17); font-size: 1.6em; line-height: 28.8px; font-family: Georgia, serif; letter-spacing: -0.12px; word-spacing: 2.4px; background-color: rgb(245, 245, 213);&quot;&gt;&lt;img src=&quot;http://zhm/Uploads/image/20180529/1527582885574990.png&quot; alt=&quot;&quot; title=&quot;&quot; style=&quot;margin: 0px; padding: 0px; list-style-type: none; border: 0.3em solid rgb(224, 223, 204); border-radius: 1em;&quot;/&gt;&lt;/p&gt;&lt;p style=&quot;margin-top: 1em; margin-bottom: 0px; margin-left: 0.8em; white-space: normal; padding: 0px; list-style-type: none; border: none; color: rgb(17, 17, 17); font-size: 1.6em; line-height: 28.8px; font-family: Georgia, serif; letter-spacing: -0.12px; word-spacing: 2.4px; background-color: rgb(245, 245, 213);&quot;&gt;唯一的区别是，它采用双向绑定（data-binding）：View的变动，自动反映在 ViewModel，反之亦然。&lt;a href=&quot;https://angularjs.org/&quot; target=&quot;_blank&quot; style=&quot;margin: 0px; padding: 0px; list-style-type: none; border: none; color: rgb(17, 34, 51);&quot;&gt;Angular&lt;/a&gt;&amp;nbsp;和&amp;nbsp;&lt;a href=&quot;http://emberjs.com/&quot; target=&quot;_blank&quot; style=&quot;margin: 0px; padding: 0px; list-style-type: none; border: none; color: rgb(17, 34, 51);&quot;&gt;Ember&lt;/a&gt;&amp;nbsp;都采用这种模式。&lt;/p&gt;&lt;p&gt;&lt;br/&gt;&lt;/p&gt;', '1', '1527584117', '前端MVVM模式', '38', '7', '10', '1', ',86');
INSERT INTO `article` VALUES ('41', '&lt;h2 style=&quot;box-sizing: border-box; outline: 0px; padding: 0px; margin: 30px 0px 15px; font-size: 40px; color: rgb(52, 73, 94); line-height: 1.1; word-break: break-all; white-space: normal; background-color: rgb(255, 255, 255); font-family: &amp;quot;Helvetica Neue&amp;quot;, Helvetica, Arial, &amp;quot;Microsoft Yahei&amp;quot;, &amp;quot;Hiragino Sans GB&amp;quot;, &amp;quot;Heiti SC&amp;quot;, &amp;quot;WenQuanYi Micro Hei&amp;quot;, sans-serif;&quot;&gt;从零到独自开发一个网站（后端）&lt;/h2&gt;&lt;p style=&quot;box-sizing: border-box; outline: 0px; padding: 0px; margin-top: 0px; margin-bottom: 15px; font-size: 15px; color: rgb(52, 73, 94); line-height: 1.72222; text-align: justify; word-break: break-all; white-space: normal; background-color: rgb(255, 255, 255); font-family: &amp;quot;Helvetica Neue&amp;quot;, Helvetica, Arial, &amp;quot;Microsoft Yahei&amp;quot;, &amp;quot;Hiragino Sans GB&amp;quot;, &amp;quot;Heiti SC&amp;quot;, &amp;quot;WenQuanYi Micro Hei&amp;quot;, sans-serif;&quot;&gt;在了解后端之前你首先得知道在你打开一个网页时，都发生了什么事。&lt;/p&gt;&lt;p style=&quot;box-sizing: border-box; outline: 0px; padding: 0px; margin-top: 0px; margin-bottom: 15px; font-size: 15px; color: rgb(52, 73, 94); line-height: 1.72222; text-align: justify; word-break: break-all; white-space: normal; background-color: rgb(255, 255, 255); font-family: &amp;quot;Helvetica Neue&amp;quot;, Helvetica, Arial, &amp;quot;Microsoft Yahei&amp;quot;, &amp;quot;Hiragino Sans GB&amp;quot;, &amp;quot;Heiti SC&amp;quot;, &amp;quot;WenQuanYi Micro Hei&amp;quot;, sans-serif;&quot;&gt;&lt;img src=&quot;/Uploads/image/20180529/1527580353112476.png&quot; alt=&quot;server&quot; class=&quot;img-responsive&quot; style=&quot;box-sizing: border-box; outline: 0px; margin: 0px; word-break: break-all; cursor: zoom-in; border: 0px; vertical-align: middle; display: block;&quot;/&gt;&lt;/p&gt;&lt;p style=&quot;box-sizing: border-box; outline: 0px; padding: 0px; margin-top: 0px; margin-bottom: 15px; font-size: 15px; color: rgb(52, 73, 94); line-height: 1.72222; text-align: justify; word-break: break-all; white-space: normal; background-color: rgb(255, 255, 255); font-family: &amp;quot;Helvetica Neue&amp;quot;, Helvetica, Arial, &amp;quot;Microsoft Yahei&amp;quot;, &amp;quot;Hiragino Sans GB&amp;quot;, &amp;quot;Heiti SC&amp;quot;, &amp;quot;WenQuanYi Micro Hei&amp;quot;, sans-serif;&quot;&gt;这张图即是用nginx和gunicorn做服务器代理的&lt;/p&gt;&lt;p style=&quot;box-sizing: border-box; outline: 0px; padding: 0px; margin-top: 0px; margin-bottom: 15px; font-size: 15px; color: rgb(52, 73, 94); line-height: 1.72222; text-align: justify; word-break: break-all; white-space: normal; background-color: rgb(255, 255, 255); font-family: &amp;quot;Helvetica Neue&amp;quot;, Helvetica, Arial, &amp;quot;Microsoft Yahei&amp;quot;, &amp;quot;Hiragino Sans GB&amp;quot;, &amp;quot;Heiti SC&amp;quot;, &amp;quot;WenQuanYi Micro Hei&amp;quot;, sans-serif;&quot;&gt;如图，通常它经过这几个步骤，首先你发送一个请求（request)给服务器,和服务器说“服务器服务器，给我这个域名下的页面”，一般是get的方法访问的这个网址(url)，服务器就会接受你的访问，并得到你的访问信息。&lt;/p&gt;&lt;p style=&quot;box-sizing: border-box; outline: 0px; padding: 0px; margin-top: 0px; margin-bottom: 15px; font-size: 15px; color: rgb(52, 73, 94); line-height: 1.72222; text-align: justify; word-break: break-all; white-space: normal; background-color: rgb(255, 255, 255); font-family: &amp;quot;Helvetica Neue&amp;quot;, Helvetica, Arial, &amp;quot;Microsoft Yahei&amp;quot;, &amp;quot;Hiragino Sans GB&amp;quot;, &amp;quot;Heiti SC&amp;quot;, &amp;quot;WenQuanYi Micro Hei&amp;quot;, sans-serif;&quot;&gt;服务器是怎么听得懂你的请求呢，主要是这有一种通用的写法，即是一种协议——HTTP协议，这让每次发送的表头都是有规律的，是可以用程序解析的了，如：&lt;/p&gt;&lt;pre style=&quot;box-sizing: border-box; outline: 0px; padding: 13px; margin-top: 0px; margin-bottom: 15px; background-color: rgb(56, 55, 55); overflow: auto; font-family: Monaco, Menlo, Consolas, &amp;quot;Courier New&amp;quot;, monospace; font-size: 13px; line-height: 1.72222; color: rgb(255, 255, 255); word-break: break-all; border: 2px solid rgb(255, 255, 255); font-weight: bold;&quot;&gt;HTTP/1.1&amp;nbsp;200&amp;nbsp;OK\r\nContent-Type:text/html\r\n...&lt;/pre&gt;&lt;p style=&quot;box-sizing: border-box; outline: 0px; padding: 0px; margin-top: 0px; margin-bottom: 15px; font-size: 15px; color: rgb(52, 73, 94); line-height: 1.72222; text-align: justify; word-break: break-all; white-space: normal; background-color: rgb(255, 255, 255); font-family: &amp;quot;Helvetica Neue&amp;quot;, Helvetica, Arial, &amp;quot;Microsoft Yahei&amp;quot;, &amp;quot;Hiragino Sans GB&amp;quot;, &amp;quot;Heiti SC&amp;quot;, &amp;quot;WenQuanYi Micro Hei&amp;quot;, sans-serif;&quot;&gt;那个200是一个状态码，表示成功，4开头的状态码表示浏览器访问的错误如404，5开头的状态码表示服务器错误如502&lt;/p&gt;&lt;p style=&quot;box-sizing: border-box; outline: 0px; padding: 0px; margin-top: 0px; margin-bottom: 15px; font-size: 15px; color: rgb(52, 73, 94); line-height: 1.72222; text-align: justify; word-break: break-all; white-space: normal; background-color: rgb(255, 255, 255); font-family: &amp;quot;Helvetica Neue&amp;quot;, Helvetica, Arial, &amp;quot;Microsoft Yahei&amp;quot;, &amp;quot;Hiragino Sans GB&amp;quot;, &amp;quot;Heiti SC&amp;quot;, &amp;quot;WenQuanYi Micro Hei&amp;quot;, sans-serif;&quot;&gt;现在你发送一个请求（request），url是&amp;nbsp;&lt;code style=&quot;box-sizing: border-box; outline: 0px; font-family: Monaco, Menlo, Consolas, &amp;quot;Courier New&amp;quot;, monospace; font-size: 12.75px; line-height: 22px; color: rgb(199, 37, 78); background-color: rgb(249, 242, 244); border-radius: 4px; word-break: break-all; padding: 2px 6px;&quot;&gt;http://www.aljun.me/about?username=aljun&lt;/code&gt;&amp;nbsp;这里面，&lt;code style=&quot;box-sizing: border-box; outline: 0px; font-family: Monaco, Menlo, Consolas, &amp;quot;Courier New&amp;quot;, monospace; font-size: 12.75px; line-height: 22px; color: rgb(199, 37, 78); background-color: rgb(249, 242, 244); border-radius: 4px; word-break: break-all; padding: 2px 6px;&quot;&gt;http&lt;/code&gt;是协议（protocol），&lt;code style=&quot;box-sizing: border-box; outline: 0px; font-family: Monaco, Menlo, Consolas, &amp;quot;Courier New&amp;quot;, monospace; font-size: 12.75px; line-height: 22px; color: rgb(199, 37, 78); background-color: rgb(249, 242, 244); border-radius: 4px; word-break: break-all; padding: 2px 6px;&quot;&gt;aljun.me&lt;/code&gt;是&lt;code style=&quot;box-sizing: border-box; outline: 0px; font-family: Monaco, Menlo, Consolas, &amp;quot;Courier New&amp;quot;, monospace; font-size: 12.75px; line-height: 22px; color: rgb(199, 37, 78); background-color: rgb(249, 242, 244); border-radius: 4px; word-break: break-all; padding: 2px 6px;&quot;&gt;hostname&lt;/code&gt;，这里有个隐含的，一般默认端口（&amp;nbsp;&lt;code style=&quot;box-sizing: border-box; outline: 0px; font-family: Monaco, Menlo, Consolas, &amp;quot;Courier New&amp;quot;, monospace; font-size: 12.75px; line-height: 22px; color: rgb(199, 37, 78); background-color: rgb(249, 242, 244); border-radius: 4px; word-break: break-all; padding: 2px 6px;&quot;&gt;port&lt;/code&gt;&amp;nbsp;）为80，&lt;code style=&quot;box-sizing: border-box; outline: 0px; font-family: Monaco, Menlo, Consolas, &amp;quot;Courier New&amp;quot;, monospace; font-size: 12.75px; line-height: 22px; color: rgb(199, 37, 78); background-color: rgb(249, 242, 244); border-radius: 4px; word-break: break-all; padding: 2px 6px;&quot;&gt;/about&lt;/code&gt;是path ，然后有一段query的值&amp;nbsp;&lt;code style=&quot;box-sizing: border-box; outline: 0px; font-family: Monaco, Menlo, Consolas, &amp;quot;Courier New&amp;quot;, monospace; font-size: 12.75px; line-height: 22px; color: rgb(199, 37, 78); background-color: rgb(249, 242, 244); border-radius: 4px; word-break: break-all; padding: 2px 6px;&quot;&gt;username=salamer&lt;/code&gt;，这些信息都将交由后端跑的app获取到，就好比你给了一串关键字给搜索引擎，搜索引擎会回复你你要的结果。&lt;/p&gt;&lt;h3 style=&quot;box-sizing: border-box; outline: 0px; padding: 0px; margin: 30px 0px 15px; font-size: 30px; color: rgb(52, 73, 94); line-height: 1.1; word-break: break-all; white-space: normal; background-color: rgb(255, 255, 255); font-family: &amp;quot;Helvetica Neue&amp;quot;, Helvetica, Arial, &amp;quot;Microsoft Yahei&amp;quot;, &amp;quot;Hiragino Sans GB&amp;quot;, &amp;quot;Heiti SC&amp;quot;, &amp;quot;WenQuanYi Micro Hei&amp;quot;, sans-serif;&quot;&gt;&lt;a style=&quot;box-sizing: border-box; outline: 0px; color: rgb(78, 161, 219); cursor: pointer; word-break: break-all;&quot; name=&quot;t2&quot;&gt;&lt;/a&gt;后端跑的app&lt;/h3&gt;&lt;hr style=&quot;box-sizing: border-box; outline: 0px; margin: 20px 0px; border-top: solid rgb(238, 238, 238); border-right: 0px none; border-left: 0px none; border-image: initial; border-bottom: 0px none; word-break: break-all; white-space: normal; background-color: rgb(255, 255, 255); color: rgb(52, 73, 94); font-family: &amp;quot;Helvetica Neue&amp;quot;, Helvetica, Arial, &amp;quot;Microsoft Yahei&amp;quot;, &amp;quot;Hiragino Sans GB&amp;quot;, &amp;quot;Heiti SC&amp;quot;, &amp;quot;WenQuanYi Micro Hei&amp;quot;, sans-serif; font-size: 15px;&quot;/&gt;&lt;p style=&quot;box-sizing: border-box; outline: 0px; padding: 0px; margin-top: 0px; margin-bottom: 15px; font-size: 15px; color: rgb(52, 73, 94); line-height: 1.72222; text-align: justify; word-break: break-all; white-space: normal; background-color: rgb(255, 255, 255); font-family: &amp;quot;Helvetica Neue&amp;quot;, Helvetica, Arial, &amp;quot;Microsoft Yahei&amp;quot;, &amp;quot;Hiragino Sans GB&amp;quot;, &amp;quot;Heiti SC&amp;quot;, &amp;quot;WenQuanYi Micro Hei&amp;quot;, sans-serif;&quot;&gt;当服务器拿到你的请求url，它就会扔给跑在它上面的一个app，就是一套运行的逻辑，你可以理解为是一个黑箱，你扔给它一个东西它会返回一个东西。下面我用一个最简单的flask程序来给一个后端程序的例子：&lt;/p&gt;&lt;pre style=&quot;box-sizing: border-box; outline: 0px; padding: 13px; margin-top: 0px; margin-bottom: 15px; background-color: rgb(56, 55, 55); overflow: auto; font-family: Monaco, Menlo, Consolas, &amp;quot;Courier New&amp;quot;, monospace; font-size: 13px; line-height: 1.72222; color: rgb(255, 255, 255); word-break: break-all; border: 2px solid rgb(255, 255, 255); font-weight: bold;&quot;&gt;from&amp;nbsp;flask&amp;nbsp;import&amp;nbsp;Flask\r\napp&amp;nbsp;=&amp;nbsp;Flask(__name__)\r\n\r\n@app.route(&amp;#39;/&amp;#39;)\r\ndef&amp;nbsp;hello_world():\r\n&amp;nbsp;&amp;nbsp;&amp;nbsp;&amp;nbsp;&amp;nbsp;&amp;nbsp;&amp;nbsp;&amp;nbsp;return&amp;nbsp;&amp;#39;Hello&amp;nbsp;World!&amp;#39;\r\n\r\nif&amp;nbsp;__name__&amp;nbsp;==&amp;nbsp;&amp;#39;__main__&amp;#39;:\r\n&amp;nbsp;&amp;nbsp;&amp;nbsp;&amp;nbsp;&amp;nbsp;&amp;nbsp;&amp;nbsp;&amp;nbsp;app.run()&lt;/pre&gt;&lt;p style=&quot;box-sizing: border-box; outline: 0px; padding: 0px; margin-top: 0px; margin-bottom: 15px; font-size: 15px; color: rgb(52, 73, 94); line-height: 1.72222; text-align: justify; word-break: break-all; white-space: normal; background-color: rgb(255, 255, 255); font-family: &amp;quot;Helvetica Neue&amp;quot;, Helvetica, Arial, &amp;quot;Microsoft Yahei&amp;quot;, &amp;quot;Hiragino Sans GB&amp;quot;, &amp;quot;Heiti SC&amp;quot;, &amp;quot;WenQuanYi Micro Hei&amp;quot;, sans-serif;&quot;&gt;好，我来逐句解释这个程序，首先你先初始化一个flask应用，把它传给app（第一，二行），然后你获得一个路由（url）（第四行），这里获得的是&amp;nbsp;&lt;code style=&quot;box-sizing: border-box; outline: 0px; font-family: Monaco, Menlo, Consolas, &amp;quot;Courier New&amp;quot;, monospace; font-size: 12.75px; line-height: 22px; color: rgb(199, 37, 78); background-color: rgb(249, 242, 244); border-radius: 4px; word-break: break-all; padding: 2px 6px;&quot;&gt;/&lt;/code&gt;目录，而那个路由装饰器下面跑的函数就是当访问&amp;nbsp;&lt;code style=&quot;box-sizing: border-box; outline: 0px; font-family: Monaco, Menlo, Consolas, &amp;quot;Courier New&amp;quot;, monospace; font-size: 12.75px; line-height: 22px; color: rgb(199, 37, 78); background-color: rgb(249, 242, 244); border-radius: 4px; word-break: break-all; padding: 2px 6px;&quot;&gt;/&lt;/code&gt;&amp;nbsp;路径时所用的逻辑，可以看到，它返回一个hello world，最后两句是，使app运行，这是python的一种写法，目的是不被调用&lt;/p&gt;&lt;p style=&quot;box-sizing: border-box; outline: 0px; padding: 0px; margin-top: 0px; margin-bottom: 15px; font-size: 15px; color: rgb(52, 73, 94); line-height: 1.72222; text-align: justify; word-break: break-all; white-space: normal; background-color: rgb(255, 255, 255); font-family: &amp;quot;Helvetica Neue&amp;quot;, Helvetica, Arial, &amp;quot;Microsoft Yahei&amp;quot;, &amp;quot;Hiragino Sans GB&amp;quot;, &amp;quot;Heiti SC&amp;quot;, &amp;quot;WenQuanYi Micro Hei&amp;quot;, sans-serif;&quot;&gt;好，我们来运行看看&lt;/p&gt;&lt;pre style=&quot;box-sizing: border-box; outline: 0px; padding: 13px; margin-top: 0px; margin-bottom: 15px; background-color: rgb(56, 55, 55); overflow: auto; font-family: Monaco, Menlo, Consolas, &amp;quot;Courier New&amp;quot;, monospace; font-size: 13px; line-height: 1.72222; color: rgb(255, 255, 255); word-break: break-all; border: 2px solid rgb(255, 255, 255); font-weight: bold;&quot;&gt;python&amp;nbsp;app.py&lt;/pre&gt;&lt;p style=&quot;box-sizing: border-box; outline: 0px; padding: 0px; margin-top: 0px; margin-bottom: 15px; font-size: 15px; color: rgb(52, 73, 94); line-height: 1.72222; text-align: justify; word-break: break-all; white-space: normal; background-color: rgb(255, 255, 255); font-family: &amp;quot;Helvetica Neue&amp;quot;, Helvetica, Arial, &amp;quot;Microsoft Yahei&amp;quot;, &amp;quot;Hiragino Sans GB&amp;quot;, &amp;quot;Heiti SC&amp;quot;, &amp;quot;WenQuanYi Micro Hei&amp;quot;, sans-serif;&quot;&gt;这时你可以打开浏览器输入 `127.0.0.1:5000&amp;#39;，会看到&lt;/p&gt;&lt;p style=&quot;box-sizing: border-box; outline: 0px; padding: 0px; margin-top: 0px; margin-bottom: 15px; font-size: 15px; color: rgb(52, 73, 94); line-height: 1.72222; text-align: justify; word-break: break-all; white-space: normal; background-color: rgb(255, 255, 255); font-family: &amp;quot;Helvetica Neue&amp;quot;, Helvetica, Arial, &amp;quot;Microsoft Yahei&amp;quot;, &amp;quot;Hiragino Sans GB&amp;quot;, &amp;quot;Heiti SC&amp;quot;, &amp;quot;WenQuanYi Micro Hei&amp;quot;, sans-serif;&quot;&gt;&lt;img src=&quot;/Uploads/image/20180529/1527580354299156.png&quot; alt=&quot;pic&quot; class=&quot;img-responsive&quot; style=&quot;box-sizing: border-box; outline: 0px; margin: 0px; word-break: break-all; cursor: zoom-in; border: 0px; vertical-align: middle; display: block;&quot;/&gt;&lt;/p&gt;&lt;p style=&quot;box-sizing: border-box; outline: 0px; padding: 0px; margin-top: 0px; margin-bottom: 15px; font-size: 15px; color: rgb(52, 73, 94); line-height: 1.72222; text-align: justify; word-break: break-all; white-space: normal; background-color: rgb(255, 255, 255); font-family: &amp;quot;Helvetica Neue&amp;quot;, Helvetica, Arial, &amp;quot;Microsoft Yahei&amp;quot;, &amp;quot;Hiragino Sans GB&amp;quot;, &amp;quot;Heiti SC&amp;quot;, &amp;quot;WenQuanYi Micro Hei&amp;quot;, sans-serif;&quot;&gt;好，一个最简单的网站后端就算完成了。但是这单单只是客户端与服务端的交互，只涉及逻辑，并没有设计数据，现在的网站基本上都有复杂的数据库交互，即是，在运行app时，app会使用 * sql * 语句与数据库交互，获得数据，这时它会打到前端。&lt;/p&gt;&lt;p&gt;&lt;br/&gt;&lt;/p&gt;', '2', '1527580358', '从零到独自开发一个网站（后端）', '89', '6', '87', '2', ',86,71');
INSERT INTO `article` VALUES ('42', '&lt;p&gt;&lt;img src=&quot;http://img.baidu.com/hi/jx2/j_0007.gif&quot;/&gt;&lt;strong&gt;&lt;span style=&quot;font-size: 24px;&quot;&gt;交流平台后台模块布局代码&lt;/span&gt;&lt;/strong&gt;&lt;/p&gt;&lt;pre class=&quot;brush:cpp;toolbar:false&quot;&gt;&amp;lt;!doctype&amp;nbsp;html&amp;gt;\r\n&amp;lt;html&amp;gt;\r\n&amp;lt;head&amp;gt;\r\n&amp;nbsp;&amp;nbsp;&amp;nbsp;&amp;nbsp;&amp;lt;meta&amp;nbsp;charset=&amp;quot;UTF-8&amp;quot;&amp;gt;\r\n&amp;nbsp;&amp;nbsp;&amp;nbsp;&amp;nbsp;&amp;lt;title&amp;gt;交流平台后台&amp;lt;/title&amp;gt;\r\n&amp;nbsp;&amp;nbsp;&amp;nbsp;&amp;nbsp;&amp;lt;link&amp;nbsp;rel=&amp;quot;apple-touch-icon-precomposed&amp;quot;&amp;nbsp;href=&amp;quot;__STATIC__/public/bs/images/icon/icon.png&amp;quot;&amp;gt;\r\n&amp;nbsp;&amp;nbsp;&amp;nbsp;&amp;nbsp;&amp;lt;link&amp;nbsp;rel=&amp;quot;shortcut&amp;nbsp;icon&amp;quot;&amp;nbsp;href=&amp;quot;__STATIC__/public/bs/images/icon/favicon.ico&amp;quot;&amp;gt;\r\n&amp;lt;/head&amp;gt;\r\n&amp;lt;frameset&amp;nbsp;rows=&amp;#39;90,*&amp;#39;&amp;nbsp;frameborder=&amp;#39;0&amp;#39;&amp;gt;\r\n&amp;nbsp;&amp;nbsp;&amp;nbsp;&amp;nbsp;&amp;lt;frame&amp;nbsp;src=&amp;#39;top.html&amp;#39;&amp;nbsp;name=&amp;#39;top&amp;#39;&amp;gt;\r\n&amp;nbsp;&amp;nbsp;&amp;nbsp;&amp;nbsp;&amp;lt;frameset&amp;nbsp;cols=&amp;#39;14%,*&amp;#39;&amp;gt;\r\n&amp;nbsp;&amp;nbsp;&amp;nbsp;&amp;nbsp;&amp;nbsp;&amp;nbsp;&amp;nbsp;&amp;nbsp;&amp;lt;frame&amp;nbsp;src=&amp;#39;left.html&amp;#39;&amp;nbsp;name=&amp;#39;left&amp;#39;&amp;gt;\r\n&amp;nbsp;&amp;nbsp;&amp;nbsp;&amp;nbsp;&amp;nbsp;&amp;nbsp;&amp;nbsp;&amp;nbsp;&amp;lt;frame&amp;nbsp;src=&amp;#39;right.html&amp;#39;&amp;nbsp;name=&amp;#39;right&amp;#39;&amp;gt;\r\n&amp;nbsp;&amp;nbsp;&amp;nbsp;&amp;nbsp;&amp;lt;/frameset&amp;gt;\r\n&amp;lt;/frameset&amp;gt;\r\n&amp;lt;/html&amp;gt;&lt;/pre&gt;&lt;p&gt;&lt;br/&gt;&lt;/p&gt;', '3', '1527582203', '移动端开发布局', '6', '4', '10', '4', ',71,87,86,100');
INSERT INTO `article` VALUES ('45', '&lt;h3 style=&quot;box-sizing: border-box; outline: 0px; padding: 0px; margin: 30px 0px 15px; font-size: 30px; color: rgb(52, 73, 94); line-height: 1.1; word-break: break-all; white-space: normal; background-color: rgb(255, 255, 255); font-family: &amp;quot;Helvetica Neue&amp;quot;, Helvetica, Arial, &amp;quot;Microsoft Yahei&amp;quot;, &amp;quot;Hiragino Sans GB&amp;quot;, &amp;quot;Heiti SC&amp;quot;, &amp;quot;WenQuanYi Micro Hei&amp;quot;, sans-serif;&quot;&gt;如何学好前端？&lt;img src=&quot;http://img.baidu.com/hi/jx2/j_0002.gif&quot; style=&quot;font-family: sans-serif; font-size: 16px;&quot;/&gt;&lt;/h3&gt;&lt;hr style=&quot;box-sizing: border-box; outline: 0px; margin: 20px 0px; border-top: solid rgb(238, 238, 238); border-right: 0px none; border-left: 0px none; border-image: initial; border-bottom: 0px none; word-break: break-all; white-space: normal; background-color: rgb(255, 255, 255); color: rgb(52, 73, 94); font-family: &amp;quot;Helvetica Neue&amp;quot;, Helvetica, Arial, &amp;quot;Microsoft Yahei&amp;quot;, &amp;quot;Hiragino Sans GB&amp;quot;, &amp;quot;Heiti SC&amp;quot;, &amp;quot;WenQuanYi Micro Hei&amp;quot;, sans-serif; font-size: 15px;&quot;/&gt;&lt;p style=&quot;box-sizing: border-box; outline: 0px; padding: 0px; margin-top: 0px; margin-bottom: 15px; font-size: 15px; color: rgb(52, 73, 94); text-align: justify; word-break: break-all; white-space: normal; background-color: rgb(255, 255, 255); font-family: &amp;quot;Helvetica Neue&amp;quot;, Helvetica, Arial, &amp;quot;Microsoft Yahei&amp;quot;, &amp;quot;Hiragino Sans GB&amp;quot;, &amp;quot;Heiti SC&amp;quot;, &amp;quot;WenQuanYi Micro Hei&amp;quot;, sans-serif; line-height: 1.5em;&quot;&gt;&lt;span style=&quot;font-family: 宋体, SimSun; font-size: 24px;&quot;&gt;&lt;strong style=&quot;font-family: sans-serif; font-size: 16px;&quot;&gt;&lt;span style=&quot;color: rgb(47, 47, 47); font-family: -apple-system, &amp;quot;SF UI Text&amp;quot;, Arial, &amp;quot;PingFang SC&amp;quot;, &amp;quot;Hiragino Sans GB&amp;quot;, &amp;quot;Microsoft YaHei&amp;quot;, &amp;quot;WenQuanYi Micro Hei&amp;quot;, sans-serif; background-color: rgb(255, 255, 255);&quot;&gt;&amp;nbsp; &amp;nbsp; &amp;nbsp; &amp;nbsp;&lt;span style=&quot;color: rgb(47, 47, 47); background-color: rgb(255, 255, 255); font-family: 楷体, 楷体_GB2312, SimKai; font-size: 18px;&quot;&gt;今天给大家讲解一下，利用六个月时间把WEB前端的所有基础掌握扎实，然后找到一份月薪8K以上的工作，现在转行前端的人非常多，但是很多人想做前端都是在网络上盲目的搜集视频看，在不然就是盲目去培训，但是最后连自己做什么工作都不知道，不知道自己学的什么，那这样就没有任何意义，浪费时间。&lt;/span&gt;&lt;/span&gt;&lt;/strong&gt;&lt;/span&gt;&lt;/p&gt;&lt;p style=&quot;box-sizing: border-box; outline: 0px; padding: 0px; margin-top: 0px; margin-bottom: 15px; font-size: 15px; color: rgb(52, 73, 94); line-height: 1.72222; text-align: justify; word-break: break-all; white-space: normal; background-color: rgb(255, 255, 255); font-family: &amp;quot;Helvetica Neue&amp;quot;, Helvetica, Arial, &amp;quot;Microsoft Yahei&amp;quot;, &amp;quot;Hiragino Sans GB&amp;quot;, &amp;quot;Heiti SC&amp;quot;, &amp;quot;WenQuanYi Micro Hei&amp;quot;, sans-serif;&quot;&gt;&lt;strong style=&quot;font-size: 24px; white-space: normal;&quot;&gt;明确以后的工作是什么？&lt;/strong&gt;&lt;span style=&quot;font-size: 24px;&quot;&gt;&lt;/span&gt;&lt;/p&gt;&lt;p&gt;&amp;nbsp; &amp;nbsp; &amp;nbsp;&lt;span style=&quot;font-family: 楷体, 楷体_GB2312, SimKai; font-size: 18px;&quot;&gt;明确自己学了之后能做什么工作，学习web前端就是做网站的界面，眼睛可以看见的东西，页面加载速度，也后台交互数据，网站特效，还有一切网站前面的部分都跟web前端工程师有关系。说白了你是开发网站的。&lt;/span&gt;&lt;/p&gt;&lt;p&gt;&lt;span style=&quot;font-family: 楷体, 楷体_GB2312, SimKai; font-size: 18px;&quot;&gt;&lt;br/&gt;&lt;/span&gt;&lt;/p&gt;&lt;p&gt;&lt;span style=&quot;font-size: 24px;&quot;&gt;&lt;strong&gt;知道自己达到什么水平才能去找工作？&lt;/strong&gt;&lt;/span&gt;&lt;/p&gt;&lt;p&gt;&lt;span style=&quot;font-family: 楷体, 楷体_GB2312, SimKai; font-size: 18px;&quot;&gt;&amp;nbsp; &amp;nbsp; 我发现现在很多人在学习前端的时候，都不知道自己在学习的什么东西，只是一味的看视频和培训，认为只要学完就会有工作，但是都不知道现在初级工程师最低的招聘标准，你应该达到什么条件，掌握什么技能才能去胜任第一份工作，所以你在学习前端的时候应该去招聘网站看看，现在的最低标准，或者找一个明白人问问，不然你学着就没有任何方向，一点意义没有。&lt;/span&gt;&lt;/p&gt;&lt;p style=&quot;box-sizing: border-box; outline: 0px; padding: 0px; margin-top: 0px; margin-bottom: 15px; font-size: 15px; color: rgb(52, 73, 94); line-height: 1.72222; text-align: justify; word-break: break-all; white-space: normal; background-color: rgb(255, 255, 255); font-family: &amp;quot;Helvetica Neue&amp;quot;, Helvetica, Arial, &amp;quot;Microsoft Yahei&amp;quot;, &amp;quot;Hiragino Sans GB&amp;quot;, &amp;quot;Heiti SC&amp;quot;, &amp;quot;WenQuanYi Micro Hei&amp;quot;, sans-serif;&quot;&gt;&lt;img data-original-src=&quot;//upload-images.jianshu.io/upload_images/11018773-4a353d06fd06a7fa.jpg&quot; data-original-width=&quot;520&quot; data-original-height=&quot;292&quot; data-original-format=&quot;image/jpeg&quot; data-original-filesize=&quot;20764&quot; class=&quot;&quot; src=&quot;https://upload-images.jianshu.io/upload_images/11018773-4a353d06fd06a7fa.jpg?imageMogr2/auto-orient/strip%7CimageView2/2/w/520&quot; style=&quot;box-sizing: border-box; border: 0px; vertical-align: middle; height: auto; cursor: zoom-in; transition: all 0.15s linear; display: block; z-index: 100; filter: blur(0px); opacity: 1; color: rgb(47, 47, 47); font-family: -apple-system, &amp;quot;SF UI Text&amp;quot;, Arial, &amp;quot;PingFang SC&amp;quot;, &amp;quot;Hiragino Sans GB&amp;quot;, &amp;quot;Microsoft YaHei&amp;quot;, &amp;quot;WenQuanYi Micro Hei&amp;quot;, sans-serif; text-align: center; white-space: normal; background-color: rgb(255, 255, 255);&quot;/&gt;&lt;br/&gt;&lt;/p&gt;', '4', '1527585678', '独家分享——大牛教你如何学习Web前端开发', '33', '7', '87', '3', ',71,10,86');
INSERT INTO `article` VALUES ('46', '&lt;p style=&quot;margin-top: 0px; margin-bottom: 0px; padding: 0px; line-height: 24px; color: rgb(51, 51, 51); text-align: justify; font-family: arial; white-space: normal; background-color: rgb(255, 255, 255);&quot;&gt;&lt;span style=&quot;font-size: 20px;&quot;&gt;&lt;strong&gt;软件应用程序就像冰山一样&lt;/strong&gt;&lt;/span&gt;&lt;/p&gt;&lt;p style=&quot;margin-top: 0px; margin-bottom: 0px; padding: 0px; color: rgb(51, 51, 51); text-align: justify; font-family: arial; white-space: normal; background-color: rgb(255, 255, 255); line-height: 1.75em;&quot;&gt;&amp;nbsp; &amp;nbsp; &amp;nbsp; &amp;nbsp;用户看到的只是应用程序的一部分——在大多数情况下——应用程序的最大部分是看不到的。这就是令人难以捉摸又神秘的“后端”。在Web开发的篇章中，我们主要讨论Web开发，因为它涉及与最终用户的直接互动——我们可以称之为“前端Web开发”。&lt;/p&gt;&lt;p style=&quot;margin-top: 0px; margin-bottom: 0px; padding: 0px; color: rgb(51, 51, 51); text-align: justify; font-family: arial; white-space: normal; background-color: rgb(255, 255, 255); line-height: 1.75em;&quot;&gt;&amp;nbsp; &amp;nbsp; &amp;nbsp; &amp;nbsp;在大多数应用中，非用户接口代码比用户接口代码多得多。复杂系统是在后台发生的各种使其工作的逻辑。我们需要存储和检索数据，需要遵循业务逻辑和规则，并且需要对结果进行预测。所有这一切都发生在幕后。&lt;/p&gt;&lt;p&gt;&lt;img class=&quot;large&quot; data-loadfunc=&quot;0&quot; src=&quot;http://t12.baidu.com/it/u=376367147,4050915765&amp;fm=170&amp;s=B8227A36088F60CA5D4C1CC8030050BD&amp;w=640&amp;h=334&amp;img.JPEG&quot; data-loaded=&quot;0&quot; style=&quot;border: 0px; width: 537px; display: block; font-family: arial; font-size: 12px; white-space: normal; background-color: rgb(255, 255, 255);&quot;/&gt;&lt;/p&gt;&lt;p style=&quot;margin-top: 26px; margin-bottom: 0px; padding: 0px; line-height: 24px; color: rgb(51, 51, 51); text-align: justify; font-family: arial; white-space: normal; background-color: rgb(255, 255, 255);&quot;&gt;&lt;strong&gt;&lt;span style=&quot;font-size: 20px;&quot;&gt;后端开发究竟是什么？&lt;/span&gt;&lt;/strong&gt;&lt;/p&gt;&lt;p style=&quot;margin-top: 22px; margin-bottom: 0px; padding: 0px; line-height: 24px; color: rgb(51, 51, 51); text-align: justify; font-family: arial; white-space: normal; background-color: rgb(255, 255, 255);&quot;&gt;&amp;nbsp; &amp;nbsp; &amp;nbsp; &amp;nbsp;这篇文章的目的在于，我将会考虑后端开发是一种不涉及创建生成用户界面的开发。这可能包括后端Web开发，可能也涉及编写API，创建库或和没有用户界面或甚至科学编程系统的系统组件一起工作。在现实中，即使前端开发获得了大部分的荣耀，但是世界上存在的大多数代码（可以说是最有用的代码）是最终用户从来不会看到的后端代码。&lt;/p&gt;&lt;p style=&quot;margin-top: 22px; margin-bottom: 0px; padding: 0px; line-height: 24px; color: rgb(51, 51, 51); text-align: justify; font-family: arial; white-space: normal; background-color: rgb(255, 255, 255);&quot;&gt;&amp;nbsp; &amp;nbsp; &amp;nbsp;简单来说，后端开发就是开发人员编写的不能直接看到的代码。&lt;/p&gt;&lt;p&gt;&lt;br/&gt;&lt;/p&gt;', '2', '1527580269', '什么是后端开发？', '7', '4', '87', '1', ',100');

-- ----------------------------
-- Table structure for article_check
-- ----------------------------
DROP TABLE IF EXISTS `article_check`;
CREATE TABLE `article_check` (
  `id` int(11) NOT NULL AUTO_INCREMENT,
  `content` text,
  `banner_id` int(11) DEFAULT NULL,
  `time` int(11) DEFAULT NULL,
  `user_id` int(11) DEFAULT NULL,
  `title` varchar(255) DEFAULT NULL,
  PRIMARY KEY (`id`)
) ENGINE=InnoDB AUTO_INCREMENT=5 DEFAULT CHARSET=utf8mb4;

-- ----------------------------
-- Records of article_check
-- ----------------------------
INSERT INTO `article_check` VALUES ('3', '&lt;p&gt;sdgsdf&lt;br/&gt;&lt;/p&gt;', '3', '1518245055', '87', 'dfgs');
INSERT INTO `article_check` VALUES ('4', '&lt;p&gt;gjgfd&lt;br/&gt;&lt;/p&gt;', '4', '1518245081', '87', 'bxcvbxc');

-- ----------------------------
-- Table structure for banner
-- ----------------------------
DROP TABLE IF EXISTS `banner`;
CREATE TABLE `banner` (
  `id` int(10) unsigned NOT NULL AUTO_INCREMENT,
  `name` varchar(255) NOT NULL,
  PRIMARY KEY (`id`)
) ENGINE=InnoDB AUTO_INCREMENT=7 DEFAULT CHARSET=utf8;

-- ----------------------------
-- Records of banner
-- ----------------------------
INSERT INTO `banner` VALUES ('1', '前端技术');
INSERT INTO `banner` VALUES ('2', '后端开发');
INSERT INTO `banner` VALUES ('3', '移动开发');
INSERT INTO `banner` VALUES ('4', '授人以渔');
INSERT INTO `banner` VALUES ('5', '我要发帖');

-- ----------------------------
-- Table structure for comment
-- ----------------------------
DROP TABLE IF EXISTS `comment`;
CREATE TABLE `comment` (
  `id` int(50) NOT NULL AUTO_INCREMENT,
  `user_comment` varchar(255) CHARACTER SET utf8mb4 DEFAULT NULL,
  `user_id` int(50) DEFAULT NULL,
  `article_id` int(50) DEFAULT NULL,
  `comment_time` int(50) DEFAULT NULL,
  `reply_times` int(11) DEFAULT '0',
  PRIMARY KEY (`id`)
) ENGINE=InnoDB AUTO_INCREMENT=169 DEFAULT CHARSET=utf8;

-- ----------------------------
-- Records of comment
-- ----------------------------
INSERT INTO `comment` VALUES ('34', '可', '71', '6', '1694421', '0');
INSERT INTO `comment` VALUES ('41', '我听不到你的声音。。。', '71', '15', '1694421', '0');
INSERT INTO `comment` VALUES ('42', '444', '71', '15', '1511694417', '0');
INSERT INTO `comment` VALUES ('53', '666', '87', '8', '1511770380', '1');
INSERT INTO `comment` VALUES ('54', '哇哇哇', '87', '31', '1511694437', '0');
INSERT INTO `comment` VALUES ('55', '凋逼', '87', '35', '1511694432', '0');
INSERT INTO `comment` VALUES ('56', '哈哈哈哈', '87', '36', '1511694426', '0');
INSERT INTO `comment` VALUES ('57', '可以可以', '87', '35', '1511694428', '0');
INSERT INTO `comment` VALUES ('60', '456', '87', '41', '1511694424', '5');
INSERT INTO `comment` VALUES ('79', 'ajax请求成功', '87', '40', '1517969405', '2');
INSERT INTO `comment` VALUES ('80', '哦哦哦哦', '87', '15', '1517969402', '0');
INSERT INTO `comment` VALUES ('87', 'ajax之再测试！', '87', '40', '1517969398', '1');
INSERT INTO `comment` VALUES ('98', '11', '87', '35', '1517969391', '0');
INSERT INTO `comment` VALUES ('99', '234', '87', '33', '1518251324', '0');
INSERT INTO `comment` VALUES ('100', '测试哈哈', '87', '32', '1511694417', '0');
INSERT INTO `comment` VALUES ('101', '233！', '87', '32', '1511770380', '0');
INSERT INTO `comment` VALUES ('106', '测试~', '87', '41', '1511694437', '3');
INSERT INTO `comment` VALUES ('108', '点击提交测试', '87', '36', '1511694432', '0');
INSERT INTO `comment` VALUES ('109', '回车测试', '87', '36', '1511694426', '0');
INSERT INTO `comment` VALUES ('110', '按钮测试', '87', '36', '1511694428', '3');
INSERT INTO `comment` VALUES ('111', '回车再测试！', '87', '36', '1511694424', '1');
INSERT INTO `comment` VALUES ('112', '点击按钮提交', '87', '33', '1517969405', '0');
INSERT INTO `comment` VALUES ('113', '回车提交', '87', '33', '1517969402', '0');
INSERT INTO `comment` VALUES ('118', '开玩笑。。。', '87', '31', '1517969398', '0');
INSERT INTO `comment` VALUES ('119', '模块测试~', '87', '32', '1517969391', '1');
INSERT INTO `comment` VALUES ('120', '999', '87', '8', '1518251324', '0');
INSERT INTO `comment` VALUES ('121', '2333', '87', '8', '1518251268', '0');
INSERT INTO `comment` VALUES ('122', '用户评论测试~', '87', '35', '1694421', '0');
INSERT INTO `comment` VALUES ('123', '评论一波', '90', '8', '1694421', '0');
INSERT INTO `comment` VALUES ('124', '哇哈哈哈哈！哈哈哈哈哈哈哈哈！', '90', '8', '1694421', '0');
INSERT INTO `comment` VALUES ('125', '3222~', '90', '8', '1511694417', '0');
INSERT INTO `comment` VALUES ('126', '有点强', '90', '6', '1511770380', '0');
INSERT INTO `comment` VALUES ('130', '呵呵呵哒', '86', '31', '1511694437', '0');
INSERT INTO `comment` VALUES ('132', '???????', '87', '4', '1511694432', '2');
INSERT INTO `comment` VALUES ('133', '??????????', '87', '40', '1511694426', '0');
INSERT INTO `comment` VALUES ('134', 'fdgsf', '87', '40', '1511694428', '3');
INSERT INTO `comment` VALUES ('135', 'have a try', '87', '41', '1511694424', '3');
INSERT INTO `comment` VALUES ('136', 'hahaha', '87', '35', '1511694417', '0');
INSERT INTO `comment` VALUES ('137', '搞笑', '86', '4', '1511770380', '0');
INSERT INTO `comment` VALUES ('138', '6969', '87', '15', '1511694437', '0');
INSERT INTO `comment` VALUES ('139', '自言自语。。。。', '99', '4', '1511694432', '0');
INSERT INTO `comment` VALUES ('140', '我真的无所谓，寂寞却一直掉眼泪', '10', '8', '1525349243', '0');
INSERT INTO `comment` VALUES ('141', 'hahah', '10', '41', '1525353755', '5');
INSERT INTO `comment` VALUES ('142', 'aa', '10', '41', '1525353777', '2');
INSERT INTO `comment` VALUES ('143', '22', '10', '32', '1525354023', '0');
INSERT INTO `comment` VALUES ('144', '围观沙发！', '10', '6', '1525355120', '0');
INSERT INTO `comment` VALUES ('145', '嘎嘎嘎', '10', '5', '1525355143', '0');
INSERT INTO `comment` VALUES ('146', 'soga', '10', '5', '1525398551', '1');
INSERT INTO `comment` VALUES ('147', '好啊', '10', '33', '1525490381', '0');
INSERT INTO `comment` VALUES ('148', '可以', '10', '45', '1525490453', '3');
INSERT INTO `comment` VALUES ('149', '233', '10', '42', '1525490613', '11');
INSERT INTO `comment` VALUES ('150', '222', '10', '45', '1525490631', '2');
INSERT INTO `comment` VALUES ('151', '333', '10', '45', '1525490650', '3');
INSERT INTO `comment` VALUES ('152', '评了个论', '10', '5', '1525499375', '1');
INSERT INTO `comment` VALUES ('153', '开头难', '10', '45', '1525499480', '1');
INSERT INTO `comment` VALUES ('154', '开始', '10', '45', '1525499592', '3');
INSERT INTO `comment` VALUES ('155', '开始', '10', '40', '1525499602', '1');
INSERT INTO `comment` VALUES ('156', '让', '10', '40', '1525499794', '2');
INSERT INTO `comment` VALUES ('157', '的', '10', '40', '1525499797', '2');
INSERT INTO `comment` VALUES ('158', '????????????123', '86', '42', '1526029661', '0');
INSERT INTO `comment` VALUES ('159', '2333', '86', '42', '1526029941', '0');
INSERT INTO `comment` VALUES ('160', '啥', '86', '6', '1526029982', '0');
INSERT INTO `comment` VALUES ('161', '第三方三四', '86', '45', '1526374042', '3');
INSERT INTO `comment` VALUES ('162', '繁琐', '86', '42', '1527477269', '0');
INSERT INTO `comment` VALUES ('163', '评论评论！', '86', '46', '1527477483', '0');
INSERT INTO `comment` VALUES ('164', '评论测试！', '86', '46', '1527488451', '0');
INSERT INTO `comment` VALUES ('165', '?', '86', '46', '1527504129', '0');
INSERT INTO `comment` VALUES ('166', '可以可以', '71', '45', '1527579326', '0');
INSERT INTO `comment` VALUES ('167', '1', '71', '36', '1527579379', '0');
INSERT INTO `comment` VALUES ('168', '学习了', '71', '46', '1527663278', '0');

-- ----------------------------
-- Table structure for daily_talk
-- ----------------------------
DROP TABLE IF EXISTS `daily_talk`;
CREATE TABLE `daily_talk` (
  `id` int(11) NOT NULL AUTO_INCREMENT,
  `content` varchar(255) DEFAULT NULL,
  `time` int(11) DEFAULT NULL,
  PRIMARY KEY (`id`)
) ENGINE=InnoDB AUTO_INCREMENT=4 DEFAULT CHARSET=utf8mb4;

-- ----------------------------
-- Records of daily_talk
-- ----------------------------
INSERT INTO `daily_talk` VALUES ('1', 'Do not let what you cannot do interfere with what you can do.&lt;/br&gt;\r\n 别让你不能做的事妨碍到你能做的事。（John Wooden）', '1511694884');
INSERT INTO `daily_talk` VALUES ('3', 'Do not let what you cannot do interfere with what you can do.\r\n 别让你不能做的事妨碍到你能做的事。（John Wooden.....）', '1517197168');

-- ----------------------------
-- Table structure for good_talk
-- ----------------------------
DROP TABLE IF EXISTS `good_talk`;
CREATE TABLE `good_talk` (
  `id` int(11) NOT NULL AUTO_INCREMENT,
  `content` text,
  `title` varchar(255) DEFAULT NULL,
  `time` int(11) DEFAULT NULL,
  PRIMARY KEY (`id`)
) ENGINE=InnoDB AUTO_INCREMENT=3 DEFAULT CHARSET=utf8mb4;

-- ----------------------------
-- Records of good_talk
-- ----------------------------
INSERT INTO `good_talk` VALUES ('2', '<p>一次我下载几部电影，发现如果同时下载多部要等上几个小时，然后我把最想看的做个先后排序，去设置同时只能下载一部，结果是不到一杯茶功夫我就能看到最想看的电影。 这就像我们一段时间内想干成很多事情，是同时干还是有选择有顺序的干，结果很不一样。同时...</p>', '从下载看我们该如何做事', '1517217102');

-- ----------------------------
-- Table structure for message
-- ----------------------------
DROP TABLE IF EXISTS `message`;
CREATE TABLE `message` (
  `id` int(11) NOT NULL AUTO_INCREMENT,
  `message_content` varchar(255) DEFAULT NULL,
  `send_userid` int(10) NOT NULL,
  `receive_userid` int(10) NOT NULL,
  `is_read` int(2) DEFAULT '0',
  `message_sendtime` varchar(50) DEFAULT NULL,
  PRIMARY KEY (`id`)
) ENGINE=InnoDB AUTO_INCREMENT=8 DEFAULT CHARSET=utf8mb4;

-- ----------------------------
-- Records of message
-- ----------------------------
INSERT INTO `message` VALUES ('1', 'sdfa', '86', '87', '0', '1517969402');
INSERT INTO `message` VALUES ('2', 'hahah哈哈哈哈\n哈哈哈', '86', '87', '1', '1517969398');
INSERT INTO `message` VALUES ('3', '金刚金刚金港国际！！！', '86', '10', '0', '1517969391');
INSERT INTO `message` VALUES ('4', '可以可以', '86', '10', '0', '1518251324');
INSERT INTO `message` VALUES ('5', '波波波', '86', '71', '0', '1518251268');
INSERT INTO `message` VALUES ('6', '实打实地方', '86', '71', '0', '1525747459');
INSERT INTO `message` VALUES ('7', 'ok', '87', '10', '0', '1525771316');

-- ----------------------------
-- Table structure for notice
-- ----------------------------
DROP TABLE IF EXISTS `notice`;
CREATE TABLE `notice` (
  `id` int(11) NOT NULL AUTO_INCREMENT,
  `content` varchar(255) DEFAULT NULL,
  `time` int(11) DEFAULT NULL,
  PRIMARY KEY (`id`)
) ENGINE=InnoDB AUTO_INCREMENT=7 DEFAULT CHARSET=utf8mb4;

-- ----------------------------
-- Records of notice
-- ----------------------------
INSERT INTO `notice` VALUES ('2', '欢迎访问学习交流平台！', '1512286919');
INSERT INTO `notice` VALUES ('3', '在这里可以看到前端技术，后端程序，网站内容管理系统等文章，还有我的程序人生！', '1512286911');
INSERT INTO `notice` VALUES ('4', '在这个小工具中最多可以调用五条', '1512286908');
INSERT INTO `notice` VALUES ('5', '表示由一端滚动到另一端,会重复,缺陷是不能无缝滚动。', '1512286907');
INSERT INTO `notice` VALUES ('6', '页面的自动滚动效果，可由javascript来实现，但是今天无意中发现了一个html标签', '1512286904');

-- ----------------------------
-- Table structure for reply_comment
-- ----------------------------
DROP TABLE IF EXISTS `reply_comment`;
CREATE TABLE `reply_comment` (
  `id` int(50) NOT NULL AUTO_INCREMENT,
  `comment_id` int(50) NOT NULL,
  `reply_content` varchar(255) DEFAULT NULL,
  `reply_time` int(50) DEFAULT NULL,
  `user_id` int(50) DEFAULT NULL,
  PRIMARY KEY (`id`)
) ENGINE=InnoDB AUTO_INCREMENT=77 DEFAULT CHARSET=utf8mb4;

-- ----------------------------
-- Records of reply_comment
-- ----------------------------
INSERT INTO `reply_comment` VALUES ('2', '141', '1', '1525402483', '10');
INSERT INTO `reply_comment` VALUES ('3', '141', '22', '1525402657', '10');
INSERT INTO `reply_comment` VALUES ('4', '135', 'try try try', '1525418906', '10');
INSERT INTO `reply_comment` VALUES ('8', '141', 'ssss', '1525422993', '10');
INSERT INTO `reply_comment` VALUES ('9', '87', 'test', '1525429871', '10');
INSERT INTO `reply_comment` VALUES ('10', '134', 's2', '1525429949', '10');
INSERT INTO `reply_comment` VALUES ('11', '134', '33', '1525429956', '10');
INSERT INTO `reply_comment` VALUES ('12', '142', 'Hh', '1525430361', '10');
INSERT INTO `reply_comment` VALUES ('13', '142', 'hah', '1525430570', '10');
INSERT INTO `reply_comment` VALUES ('14', '135', '搞神墨', '1525485997', '10');
INSERT INTO `reply_comment` VALUES ('15', '135', '咔咔咔', '1525486038', '10');
INSERT INTO `reply_comment` VALUES ('16', '141', 'gg', '1525486193', '10');
INSERT INTO `reply_comment` VALUES ('17', '141', 'test', '1525486250', '10');
INSERT INTO `reply_comment` VALUES ('18', '106', '111', '1525487183', '10');
INSERT INTO `reply_comment` VALUES ('19', '106', '233', '1525487255', '10');
INSERT INTO `reply_comment` VALUES ('20', '110', '333', '1525492372', '10');
INSERT INTO `reply_comment` VALUES ('21', '110', '555', '1525492377', '10');
INSERT INTO `reply_comment` VALUES ('22', '110', 'yyy', '1525492383', '10');
INSERT INTO `reply_comment` VALUES ('23', '151', 'r', '1525492473', '10');
INSERT INTO `reply_comment` VALUES ('24', '60', 'd', '1525494657', '10');
INSERT INTO `reply_comment` VALUES ('25', '60', 'eee', '1525494722', '10');
INSERT INTO `reply_comment` VALUES ('26', '60', 'e', '1525494725', '10');
INSERT INTO `reply_comment` VALUES ('27', '60', 'e', '1525494733', '10');
INSERT INTO `reply_comment` VALUES ('28', '149', 'd', '1525494900', '10');
INSERT INTO `reply_comment` VALUES ('29', '149', 'f', '1525494979', '10');
INSERT INTO `reply_comment` VALUES ('30', '149', 'f', '1525494989', '10');
INSERT INTO `reply_comment` VALUES ('31', '149', '2', '1525495229', '10');
INSERT INTO `reply_comment` VALUES ('32', '0', 'd', '1525495618', '10');
INSERT INTO `reply_comment` VALUES ('33', '149', 'd', '1525495645', '10');
INSERT INTO `reply_comment` VALUES ('34', '0', 'f', '1525495651', '10');
INSERT INTO `reply_comment` VALUES ('35', '149', 's', '1525495658', '10');
INSERT INTO `reply_comment` VALUES ('36', '149', 'gg', '1525495663', '10');
INSERT INTO `reply_comment` VALUES ('37', '149', 'd', '1525495747', '10');
INSERT INTO `reply_comment` VALUES ('38', '149', 'f', '1525495949', '10');
INSERT INTO `reply_comment` VALUES ('39', '132', 'keyi', '1525499348', '10');
INSERT INTO `reply_comment` VALUES ('40', '0', '我也是', '1525499382', '10');
INSERT INTO `reply_comment` VALUES ('41', '132', '谷歌好啊', '1525499393', '10');
INSERT INTO `reply_comment` VALUES ('42', '0', '难', '1525499494', '10');
INSERT INTO `reply_comment` VALUES ('43', '53', '难', '1525499504', '10');
INSERT INTO `reply_comment` VALUES ('44', '0', 'v', '1525499804', '10');
INSERT INTO `reply_comment` VALUES ('45', '155', '的', '1525499812', '10');
INSERT INTO `reply_comment` VALUES ('46', '60', '的', '1525499886', '10');
INSERT INTO `reply_comment` VALUES ('47', '157', '发', '1525500789', '10');
INSERT INTO `reply_comment` VALUES ('48', '79', '的', '1525501639', '10');
INSERT INTO `reply_comment` VALUES ('49', '79', '到', '1525501743', '10');
INSERT INTO `reply_comment` VALUES ('50', '134', 'a', '1525502302', '10');
INSERT INTO `reply_comment` VALUES ('51', '156', 'kai', '1525502310', '10');
INSERT INTO `reply_comment` VALUES ('52', '156', '开', '1525502334', '10');
INSERT INTO `reply_comment` VALUES ('53', '148', '哦豁 完蛋', '1525573722', '86');
INSERT INTO `reply_comment` VALUES ('54', '148', 'www', '1525573801', '86');
INSERT INTO `reply_comment` VALUES ('55', '151', '人无完人，但会完蛋！', '1525573845', '86');
INSERT INTO `reply_comment` VALUES ('56', '148', 'hoho', '1525602468', '86');
INSERT INTO `reply_comment` VALUES ('57', '150', 'hooo', '1525602476', '86');
INSERT INTO `reply_comment` VALUES ('58', '149', '55', '1525682153', '86');
INSERT INTO `reply_comment` VALUES ('59', '119', '谷歌', '1525697438', '71');
INSERT INTO `reply_comment` VALUES ('60', '153', 'nan', '1525771760', '10');
INSERT INTO `reply_comment` VALUES ('61', '161', 'dddd', '1526374456', '86');
INSERT INTO `reply_comment` VALUES ('62', '111', 'keyi', '1527474367', '86');
INSERT INTO `reply_comment` VALUES ('63', '152', '可以', '1527475491', '86');
INSERT INTO `reply_comment` VALUES ('64', '146', '可以', '1527475576', '86');
INSERT INTO `reply_comment` VALUES ('65', '154', '开开开', '1527476668', '86');
INSERT INTO `reply_comment` VALUES ('66', '154', '看开', '1527476758', '86');
INSERT INTO `reply_comment` VALUES ('67', '161', '3', '1527476911', '86');
INSERT INTO `reply_comment` VALUES ('68', '161', '3', '1527476965', '86');
INSERT INTO `reply_comment` VALUES ('69', '149', '444', '1527477182', '86');
INSERT INTO `reply_comment` VALUES ('70', '106', '小测试', '1527477338', '86');
INSERT INTO `reply_comment` VALUES ('71', '151', '繁琐', '1527477420', '86');
INSERT INTO `reply_comment` VALUES ('72', '0', '成功了！哈哈~', '1527488467', '86');
INSERT INTO `reply_comment` VALUES ('73', '157', '得得得', '1527488494', '86');
INSERT INTO `reply_comment` VALUES ('74', '150', '我来测试一下emoji表情?', '1527504435', '100');
INSERT INTO `reply_comment` VALUES ('75', '154', '试试? ? ? ? ', '1527579305', '71');
INSERT INTO `reply_comment` VALUES ('76', '0', '地方? ? ? ? ', '1527579332', '71');

-- ----------------------------
-- Table structure for user
-- ----------------------------
DROP TABLE IF EXISTS `user`;
CREATE TABLE `user` (
  `id` int(10) unsigned NOT NULL AUTO_INCREMENT,
  `username` varchar(50) NOT NULL,
  `password` varchar(50) NOT NULL,
  `isadmin` tinyint(4) NOT NULL DEFAULT '0',
  `img` varchar(255) DEFAULT NULL,
  `following` varchar(255) DEFAULT NULL,
  `articlePubnum` int(11) DEFAULT '0',
  `article_collection` varchar(50) DEFAULT NULL,
  PRIMARY KEY (`id`)
) ENGINE=InnoDB AUTO_INCREMENT=102 DEFAULT CHARSET=utf8;

-- ----------------------------
-- Records of user
-- ----------------------------
INSERT INTO `user` VALUES ('10', 'admin', '202cb962ac59075b964b07152d234b70', '1', 'uploads/2018-05-05/15254801111312967308.jpg', null, '0', ',45');
INSERT INTO `user` VALUES ('71', '于波', '202cb962ac59075b964b07152d234b70', '0', 'uploads/2018-02-08/15180937651587840914.jpg', ',87', '0', ',41,42,45');
INSERT INTO `user` VALUES ('86', '王珏', '202cb962ac59075b964b07152d234b70', '0', 'uploads/2017-12-03/15122654091538994379.jpg', ',90,10,87', '0', ',40,41,50,5,45,42');
INSERT INTO `user` VALUES ('87', '曾海明', '202cb962ac59075b964b07152d234b70', '0', 'uploads/2018-02-08/15180937651587840914.jpg', ',10,86', '1', ',42');
INSERT INTO `user` VALUES ('88', '周雅静', '202cb962ac59075b964b07152d234b70', '0', 'uploads/2017-12-03/15122654091538994379.png', null, '0', null);
INSERT INTO `user` VALUES ('90', '叶赐红', '202cb962ac59075b964b07152d234b70', '0', 'uploads/2018-02-08/15180937651587840915.jpg', null, '0', null);
INSERT INTO `user` VALUES ('99', '曾海跃', '202cb962ac59075b964b07152d234b70', '0', 'uploads/2018-02-10/15182698811257825412.jpg', null, '0', null);
INSERT INTO `user` VALUES ('100', '曾明明', '202cb962ac59075b964b07152d234b70', '0', 'uploads/2018-02-10/15182678241518456002.jpg', '', '0', ',46,42');
